0.00795178,-0.0265707,-0.00590953
0.00797952,-0.0262306,-0.00590953
0.00807203,-0.0259725,-0.00590953
0.00835132,-0.0259543,-0.00625486
0.00897129,-0.0255227,-0.00694114
0.0110042,-0.0244719,-0.0072445
0.0153309,-0.0228034,-0.00763229
0.0207545,-0.0203043,-0.00817983
0.0262743,-0.0170383,-0.00834206
0.0413932,-0.0122396,-0.00912237
0.0510452,-0.0114356,-0.00923693
0.0611721,-0.0107078,-0.00937154
0.0706989,-0.00996537,-0.00953741
0.0787998,-0.00927668,-0.00953741
0,0,0
0.0861403,-0.00868062,-0.0094811
0.0932599,-0.00843112,-0.00968429
0.0998951,-0.00819695,-0.00984992
0.105583,-0.00722799,-0.00992206
0.11066,-0.00593766,-0.0100247
0.115765,-0.00528712,-0.0102837
0.120396,-0.00501212,-0.0103612
0.124106,-0.00421842,-0.010146
0.128181,-0.00340099,-0.0103836
0.132475,-0.00308953,-0.0105453
0.135688,-0.00270071,-0.0103196
0.138247,-0.00197324,-0.0104296
0.141111,-0.00116131,-0.0107884
0.144029,-0.000439432,-0.0107504
0.146073,5.29725e-05,-0.0106703
0.147752,0.000330867,-0.0106703
0.150166,0.00028582,-0.0108214
0.152581,0.000539539,-0.0108214
0.153876,0.00113515,-0.0107788
0.155,0.00119869,-0.0109529
0.156687,0.00142207,-0.0111328
0.158098,0.00219381,-0.0110037
0.159166,0.00266205,-0.0110037
0.160332,0.00291383,-0.0111708
0.161348,0.00330372,-0.0110982
0.162022,0.00334915,-0.010963
0.162778,0.00303765,-0.01103
0.163546,0.00307964,-0.0111107
0.164041,0.00356731,-0.0110713
0.164834,0.00392767,-0.0110713
0.165629,0.00398234,-0.0109475
0.166233,0.00392941,-0.0109475
0.166769,0.00405784,-0.0110304
0.166853,0.00435306,-0.0110304
0.166795,0.00475473,-0.0110629
0.167207,0.00522002,-0.0111214
0.167826,0.00547738,-0.0111872
0.16808,0.00560041,-0.0111872
0.168254,0.00574076,-0.0111872
0.168629,0.00571068,-0.0112466
0.16906,0.00548299,-0.0112997
0.169395,0.00537747,-0.0113461
0.16971,0.00544184,-0.0114004
0.169992,0.00547289,-0.0114004
0.170128,0.00537844,-0.0114004
0.170452,0.0051109,-0.0114004
0.171037,0.00457225,-0.0113252
0.171601,0.00396672,-0.0111642
0.172109,0.00328828,-0.0111018
0.1725,0.00257287,-0.0111881
0.172726,0.00207893,-0.0111881
0.172955,0.00178898,-0.0111881
0.17327,0.00147503,-0.0112184
0.173396,0.00105626,-0.0111625
0.173476,0.000578228,-0.0110514
0.17404,0.000140308,-0.0110829
0.174674,-0.000188783,-0.0110829
0.174975,-0.000387807,-0.0110503
0.175537,-0.000448816,-0.0111416
0.176062,-0.000478612,-0.0111416
0.176063,-0.000464304,-0.0110456
0.176162,-0.000208274,-0.0110456
0.176449,0.000337372,-0.0110456
0.176468,0.000605535,-0.0111222
0.17629,0.000848087,-0.0110212
0.176385,0.00114132,-0.0111068
0.176505,0.00121064,-0.011247
0.176308,0.00130178,-0.0110428
0.176264,0.00144893,-0.011148
0.17638,0.00158898,-0.0112321
0.176268,0.00148122,-0.0111619
0.175998,0.00139066,-0.0110108
0.175901,0.00117855,-0.0110788
0.175748,0.000860706,-0.0110165
0.175332,0.000640761,-0.0107193
0.174997,0.000343977,-0.0108163
0.174831,4.10948e-05,-0.0106809
0.174741,-0.000158644,-0.0105921
0.174626,-0.000329244,-0.0107488
0.17453,-0.000515999,-0.0108319
0.17461,-0.000464718,-0.0107154
0.174686,-0.000295599,-0.0107542
0.174545,-0.000258502,-0.010837
0.174477,-0.000202228,-0.010837
0.174572,0.000125147,-0.0107997
0.174538,0.000712127,-0.0107499
0.17454,0.00112978,-0.0109128
0.174621,0.00129812,-0.0111329
0.174654,0.00156526,-0.0110366
0.174925,0.00157605,-0.011362
0.175226,0.00145571,-0.0116929
0.17552,0.00146264,-0.0115942
0.175854,0.00145976,-0.0115942
0.175797,0.0015866,-0.0116744
0.17562,0.00175739,-0.0113045
0.175876,0.00124722,-0.0111913
0.176042,0.00069032,-0.0114317
0.175822,0.000603321,-0.0112485
0.175822,0.000388771,-0.0113778
0.175953,0.000205815,-0.0114547
0.175902,-0.000296772,-0.0114012
0.175736,-0.00113141,-0.0114692
0.175608,-0.00159735,-0.0114057
0.175439,-0.00172462,-0.0113417
0.175072,-0.00173006,-0.0111004
0.174729,-0.00166058,-0.0111004
0.174634,-0.00157429,-0.0111949
0.17468,-0.00145753,-0.011098
0.174581,-0.00143309,-0.011098
0.174366,-0.00129423,-0.0111484
0.174374,-0.000896622,-0.011109
0.174559,-0.000428858,-0.011109
0.17458,-6.81552e-05,-0.0111649
0.17454,0.0004593,-0.0110417
0.174741,0.000869172,-0.0112245
0.174893,0.00112218,-0.0110289
0.175129,0.00136403,-0.0113562
0.17537,0.00144742,-0.0114627
0.175363,0.00141331,-0.0113156
0.175385,0.00121969,-0.0112404
0.175541,0.00127477,-0.01149
0.175713,0.00139028,-0.011404
0.175649,0.00111267,-0.011404
0.175638,0.000722749,-0.0114355
0.175842,0.000502999,-0.0114754
0.175974,0.000178066,-0.0115359
0.17579,-0.000373211,-0.0115359
0.175557,-0.000773137,-0.0114824
0.175493,-0.00103989,-0.0114436
0.175353,-0.00134425,-0.0113805
0.175226,-0.00130793,-0.0113805
0.175235,-0.000969036,-0.0113805
0.17519,-0.000663427,-0.0114274
0.175053,-0.00039576,-0.0115013
0.175025,5.48424e-05,-0.0115623
0.175131,0.000500472,-0.0114324
0.17525,0.000619992,-0.0113222
0.175249,0.000714404,-0.0114422
0.175148,0.0010009,-0.0113986
0.175246,0.00123587,-0.0113986
0.175388,0.00129046,-0.0115531
0.175453,0.00130865,-0.0116186
0.17556,0.00132709,-0.0117009
0.175476,0.00112022,-0.0115959
0.175292,0.000645585,-0.0117069
0.17514,0.000235969,-0.0117737
0.174947,-1.36096e-06,-0.0114629
0.174729,-0.000381229,-0.0115205
0.174439,-0.000743704,-0.0117092
0.174324,-0.000729856,-0.0115941
0.174488,-0.000550161,-0.0115941
0.174452,-0.00041301,-0.0116605
0.174254,-0.000359222,-0.0116605
0.174301,-2.2295e-05,-0.0116605
0.174526,0.00038556,-0.0116605
0.174636,0.000553833,-0.0118636
0.174656,0.000914273,-0.0118636
0.174997,0.00124307,-0.0120582
0.175409,0.00144961,-0.0122477
0.175487,0.00150557,-0.0121816
0.175442,0.00147525,-0.0122867
0.175491,0.00163739,-0.0122867
0.175564,0.00165929,-0.0122867
0.175496,0.00152709,-0.012356
0.175428,0.00141875,-0.012356
0.175504,0.00114508,-0.0124407
0.175494,0.000854659,-0.0124407
0.175409,0.00057218,-0.0124407
0.175349,0.000112319,-0.0125588
0.175284,-0.000324067,-0.0123849
0.175217,-0.00077085,-0.0123849
0.175059,-0.00116672,-0.0123849
0.174776,-0.0014617,-0.0123447
0.174528,-0.00142331,-0.0121127
0.174443,-0.0012885,-0.0122152
0.174296,-0.00136616,-0.0123703
0.1742,-0.00136188,-0.0122389
0.174228,-0.00113233,-0.0121885
0.174182,-0.000826952,-0.0123541
0.174065,-0.000587749,-0.0123541
0.174045,-0.000326035,-0.0122619
0.174158,-3.60055e-05,-0.0123667
0.174094,0.000426892,-0.0123667
0.174154,0.00095607,-0.0124774
0.174596,0.0014227,-0.0128326
0.175107,0.00180684,-0.0128326
0.175427,0.00201031,-0.0128326
0.175517,0.00204471,-0.0130478
0.175817,0.0020464,-0.012967
0.175874,0.00236809,-0.0121935
0.175856,0.00197499,-0.0122876
0.176144,0.0014202,-0.0122162
0.176023,0.00126835,-0.0124496
0.175864,0.000931722,-0.0121735
0.175923,0.000398809,-0.0122655
0.175588,-0.000112631,-0.0122655
0.175083,-0.000617829,-0.0122655
0.174886,-0.00072454,-0.0120711
0.174669,-0.000800292,-0.0118955
0.17417,-0.00118269,-0.0121052
0.173802,-0.00119592,-0.011996
0.174146,-0.000981541,-0.0120355
0.174369,-0.000954315,-0.0121162
0.174082,-0.00110563,-0.012017
0.174135,-0.00121393,-0.0121671
0.174456,-0.000944284,-0.0121671
0.174553,-0.000538682,-0.0120221
0.174604,-0.000182155,-0.0122491
0.174988,0.00014281,-0.0123735
0.175498,0.000241878,-0.0124448
0.175724,0.000373191,-0.0124978
0.175863,0.000824975,-0.0125853
0.176199,0.00131251,-0.0125421
0.17635,0.00136446,-0.0126382
0.176074,0.00122433,-0.0126382
0.176034,0.00127327,-0.0126037
0.17631,0.0013902,-0.0127363
0.176277,0.0013211,-0.0126525
0.176145,0.000916839,-0.012741
0.176182,0.000688055,-0.0127839
0.176163,0.000602565,-0.0126764
0.175882,0.000390412,-0.0126419
0.17543,0.000175993,-0.0125637
0.175069,-0.000176251,-0.0125637
0.174784,-0.000603313,-0.0125228
0.174387,-0.000857541,-0.0123318
0.174124,-0.000994165,-0.0124406
0.174137,-0.00113669,-0.0123473
0.174157,-0.00125393,-0.0123473
0.174167,-0.00122334,-0.0124445
0.174217,-0.00101822,-0.0125262
0.174286,-0.000807001,-0.0125262
0.174331,-0.000596853,-0.0125262
0.174387,-0.000358541,-0.0125745
0.174619,-0.00011481,-0.0126568
0.17495,0.000146005,-0.0127838
0.175348,0.000662532,-0.0127838
0.17584,0.00118226,-0.0129003
0.176112,0.00147221,-0.0129562
0.176181,0.00153464,-0.012872
0.176158,0.00143155,-0.0129893
0.176066,0.00151795,-0.0129569
0.1761,0.0015303,-0.0130173
0.176179,0.00147515,-0.0130843
0.176268,0.00136709,-0.0130411
0.176423,0.00114705,-0.0131567
0.17647,0.000939578,-0.0130593
0.17653,0.00031144,-0.0131801
0.176355,-0.000328916,-0.0131105
0.1759,-0.00053564,-0.012611
0.175579,-0.000777278,-0.0128823
0.175406,-0.0012091,-0.0130961
0.175325,-0.0015042,-0.0127019
0.175219,-0.00137163,-0.0125389
0.175049,-0.00111052,-0.0128645
0.174947,-0.00102406,-0.0128062
0.174823,-0.000765138,-0.0124395
0.174573,-0.000398358,-0.0125067
0.174384,-0.000235039,-0.0127067
0.174506,-0.000158732,-0.0127067
0.174685,0.000201476,-0.0125055
0.174643,0.000583479,-0.0126179
0.174595,0.000654393,-0.0128544
0.174633,0.000840547,-0.0125865
0.17478,0.00108741,-0.0126686
0.174819,0.0012222,-0.0128761
0.174724,0.00116008,-0.0127787
0.174835,0.0010284,-0.0129417
0.175154,0.00106904,-0.0130958
0.175432,0.000995485,-0.0132854
0.175719,0.000614155,-0.0135034
0.175988,0.000304021,-0.0133169
0.175956,3.97132e-05,-0.0132587
0.175699,-0.000252164,-0.0135084
0.175632,-0.000560809,-0.0135084
0.175727,-0.000920718,-0.0133782
0.175585,-0.00133174,-0.0135605
0.175035,-0.00132011,-0.0135077
0.174791,-0.000800777,-0.0134747
0.174843,-0.000718229,-0.0132991
0.174698,-0.000969814,-0.0136213
0.174687,-0.000980363,-0.0135442
0.174782,-0.00103439,-0.0133685
0.174685,-0.00106818,-0.0136056
0.174323,-0.000741746,-0.0134959
0.174222,-0.000525102,-0.0134082
0.174457,-0.000197917,-0.0136461
0.174629,0.000513847,-0.0134559
0.174938,0.00116323,-0.0137568
0.175382,0.00167714,-0.0140314
0.175817,0.00184504,-0.014313
0.176167,0.00174944,-0.0145604
0.176103,0.00162673,-0.014119
0.175923,0.00145697,-0.0142735
0.175984,0.00140772,-0.0144761
0.17608,0.00110073,-0.0143536
0.175992,0.000604237,-0.0143536
0.1759,0.000444408,-0.0144832
0.175976,0.000459996,-0.0144335
0.176111,0.000105127,-0.0144655
0.176081,-0.000534162,-0.0145457
0.175855,-0.000836639,-0.0142758
0.175787,-0.00105404,-0.0142017
0.175538,-0.00136593,-0.0142844
0.175098,-0.00136516,-0.0140163
0.17512,-0.00121501,-0.014103
0.175139,-0.00117096,-0.014103
0.174766,-0.00127574,-0.0139795
0.17456,-0.00120157,-0.0139795
0.174614,-0.000851341,-0.0139162
0.174572,-0.000472543,-0.0140029
0.174606,-4.39328e-05,-0.0140029
0.174819,0.00037344,-0.0140379
0.174935,0.000825439,-0.0139707
0.174993,0.00107917,-0.0140161
0.175067,0.0010603,-0.0141163
0.175113,0.000970219,-0.0140607
0.175208,0.000824567,-0.0141955
0.175372,0.00078066,-0.0144013
0.175593,0.000691083,-0.0143602
0.175689,0.000395394,-0.0143602
0.175551,9.3281e-05,-0.0143946
0.175471,-0.000376751,-0.014584
0.175468,-0.000699582,-0.014456
0.175522,-0.000811617,-0.0143927
0.175518,-0.00110782,-0.0146932
0.175341,-0.00120522,-0.0144727
0.175316,-0.00112011,-0.0144727
0.175282,-0.00103935,-0.0145942
0.175048,-0.0010139,-0.014381
0.174862,-0.00103041,-0.014381
0.174676,-0.000824319,-0.0143131
0.174518,-0.000683094,-0.0142662
0.174334,-0.000511172,-0.0142662
0.174301,-0.000138371,-0.014236
0.174514,0.000207974,-0.014236
0.174562,0.000567037,-0.0141963
0.174516,0.000678161,-0.0143053
0.174579,0.00101135,-0.0143053
0.174786,0.00170636,-0.0141905
0.174982,0.00188659,-0.0144116
0.174943,0.00170445,-0.0145088
0.174995,0.00166492,-0.014475
0.175392,0.00164008,-0.0147088
0.175733,0.00146089,-0.0147088
0.175966,0.00129093,-0.0147525
0.176261,0.00114387,-0.0149144
0.176304,0.000645859,-0.0149901
0.176161,-0.000114337,-0.0150579
0.176133,-0.000549254,-0.0150579
0.176166,-0.000689614,-0.0150183
0.17613,-0.0010307,-0.0152096
0.175975,-0.00142953,-0.0151675
0.175953,-0.00155768,-0.0150539
0.175968,-0.00152629,-0.0151537
0.175796,-0.00148871,-0.0150742
0.175709,-0.00150075,-0.014977
0.175638,-0.0013848,-0.0149291
0.175433,-0.00126778,-0.0148173
0.175315,-0.00118228,-0.0147457
0.175158,-0.000907497,-0.0145543
0.174799,-0.000736896,-0.0144026
0.174262,-0.000569262,-0.0144515
0.173885,-0.000163901,-0.0144101
0.173866,0.00039203,-0.014342
0.173786,0.000761668,-0.0144692
0.173598,0.00115704,-0.0143933
0.173731,0.00175935,-0.0143933
0.173901,0.00222478,-0.0145101
0.173789,0.00262561,-0.0143361
0.173865,0.00273977,-0.0145462
0.174028,0.00266858,-0.014635
0.174042,0.00255961,-0.0144789
0.174118,0.00230486,-0.0147696
0.174274,0.00213462,-0.0149252
0.174591,0.0018346,-0.0150309
0.174971,0.00147144,-0.0153268
0.175334,0.00120779,-0.0153947
0.175676,0.000816725,-0.0153947
0.17572,0.000409007,-0.0154264
0.175695,-0.000144662,-0.0155296
0.17583,-0.000667819,-0.0155807
0.175832,-0.000994239,-0.0154283
0.175794,-0.00141724,-0.0156427
0.175752,-0.00167051,-0.0156804
0.175713,-0.00165856,-0.0154616
0.175777,-0.00163427,-0.0156594
0.175723,-0.0015364,-0.0156594
0.175568,-0.00140648,-0.0154907
0.175399,-0.0013063,-0.0154907
0.175149,-0.00115164,-0.0154907
0.174886,-0.00102028,-0.0153779
0.174691,-0.000783468,-0.0152969
0.17457,-0.00034666,-0.0152413
0.174537,6.37178e-05,-0.0152795
0.174508,0.000392094,-0.0152795
0.174523,0.000645498,-0.0152795
0.174605,0.00106201,-0.0153375
0.174616,0.0016267,-0.0152709
0.174656,0.00185249,-0.0153436
0.174676,0.0018075,-0.0154374
0.17463,0.00187809,-0.0153095
0.174716,0.00191543,-0.0154486
0.174836,0.00175295,-0.0155769
0.174898,0.00138786,-0.0156228
0.1751,0.00090495,-0.0158608
0.175445,0.000594697,-0.0158294
0.175762,0.00023746,-0.015965
0.175941,-0.000331006,-0.0161034
0.177144,-0.0013032,-0.0165064
0.177251,-0.00107355,-0.0182556
0.175465,-0.00160116,-0.0178299
0.175723,-0.0032171,-0.0174683
0.177037,-0.00320335,-0.0173788
0.177138,-0.00355875,-0.0172876
0.176927,-0.0040091,-0.0177513
0.177167,-0.00351117,-0.0177108
0.176795,-0.00310115,-0.0175417
0.176245,-0.00386057,-0.0175851
0.176286,-0.00521171,-0.0170994
0.17594,-0.00506989,-0.0158911
0.175562,-0.00358299,-0.0153777
0.175715,-0.00279938,-0.0148921
0.17639,-0.00251962,-0.0151632
0.175484,-0.00112618,-0.0143831
0.17406,-0.000390177,-0.0146716
0.174545,-0.000322028,-0.0153014
0.174909,0.00055014,-0.0142196
0.174302,0.000918788,-0.0143904
0.173892,0.00117956,-0.0151468
0.174373,0.00140255,-0.0147351
0.17461,0.00128977,-0.014471
0.173976,0.00136205,-0.0147585
0.173806,0.00130687,-0.0150094
0.174282,0.00101504,-0.0149146
0.174248,0.000890871,-0.0147559
0.174049,0.000585739,-0.0151263
0.174471,-9.32541e-06,-0.0153744
0.174964,-0.000470886,-0.0152264
0.175057,-0.000535668,-0.0153029
0.175277,-0.00045115,-0.0156482
0.175742,-0.00051185,-0.0156482
0.175979,-0.000484307,-0.0155265
0.176003,-0.000268434,-0.0156655
0.176013,2.10446e-05,-0.0156655
0.176023,0.000238899,-0.0156044
0.175948,0.00038967,-0.0156044
0.175784,0.000464039,-0.0156446
0.175686,0.000498755,-0.0155622
0.175652,0.000532467,-0.0155622
0.175518,0.000561643,-0.0156193
0.17535,0.000501166,-0.0155397
0.175263,0.000288061,-0.0155397
0.175045,0.000162196,-0.0154702
0.174813,0.000105817,-0.0152882
0.174757,-0.000243546,-0.0153935
0.174578,-0.000734001,-0.0155472
0.17449,-0.000826661,-0.0153841
0.174701,-0.000666091,-0.0154706
0.17467,-0.000634525,-0.0155257
0.174482,-0.000656556,-0.0154677
0.174535,-0.000603766,-0.0155552
0.174613,-0.000549615,-0.015619
0.17455,-0.000526356,-0.015619
0.174467,-0.000206551,-0.015619
0.174533,0.000495239,-0.0155858
0.174749,0.000901024,-0.0158556
0.174879,0.000956647,-0.0160663
0.175181,0.00103299,-0.0159978
0.175609,0.0011191,-0.016185
0.175741,0.00118498,-0.016185
0.175749,0.0011123,-0.0161277
0.175706,0.00111535,-0.0161642
0.175603,0.0011599,-0.0161642
0.175554,0.00100818,-0.0162334
0.175449,0.000843839,-0.0162334
0.175382,0.000576715,-0.0162334
0.175318,0.000301066,-0.0163226
0.175152,0.000114364,-0.0161252
0.174926,-0.000417255,-0.0163034
0.174494,-0.000812271,-0.0160955
0.174265,-0.0010887,-0.0160272
0.174223,-0.00130216,-0.0163013
0.174124,-0.00116893,-0.0160863
0.174189,-0.00119318,-0.0161855
0.17414,-0.00117944,-0.0162791
0.174034,-0.00117407,-0.0161698
0.174123,-0.00126794,-0.0163238
0.174314,-0.00113464,-0.0164434
0.174793,-0.000629712,-0.0169769
0.17607,0.00121938,-0.0178277
0.179003,0.00446255,-0.018932
0.183095,0.00849731,-0.0183755
0.188275,0.0113759,-0.0182846
0.195203,0.0122378,-0.0191602
0.203152,0.0132572,-0.0190424
0.211844,0.0143008,-0.0183298
0.221147,0.013791,-0.0187067
0.230924,0.0125864,-0.0189987
0.240343,0.0120734,-0.0185288
0.248266,0.0117638,-0.0185664
0.25495,0.0113884,-0.0189465
0.261411,0.0114315,-0.0186636
0.268028,0.0118066,-0.0185875
0.273652,0.0118746,-0.0186505
0.278534,0.0117762,-0.0186099
0.283986,0.0117015,-0.0186633
0.288949,0.0113759,-0.0187863
0.292467,0.0111377,-0.0186874
0.295794,0.0115,-0.0185692
0.299576,0.011901,-0.0188746
0.30285,0.0118257,-0.0187503
0.305612,0.0116411,-0.018681
0.308493,0.0117443,-0.0188415
0.31102,0.0117795,-0.0187515
0.31317,0.011431,-0.0187853
0.315461,0.0112881,-0.0191249
0.317506,0.0114429,-0.0187535
0.319516,0.0111569,-0.0186809
0.32167,0.0106388,-0.0191385
0.323182,0.0104778,-0.0187925
0.324224,0.0102725,-0.0187064
0.325451,0.00989513,-0.0189542
0.326837,0.00975464,-0.0188338
0.328009,0.00970797,-0.0181935
0.329415,0.00917777,-0.0184955
0.330727,0.00905324,-0.0186865
0.331418,0.00947463,-0.0183735
0.33193,0.0094991,-0.0186953
0.332604,0.00943473,-0.0187429
0.333456,0.00934266,-0.0185566
0.333891,0.00956925,-0.0186103
0.334075,0.00997093,-0.0187712
0.334428,0.00999377,-0.0188644
0.335108,0.00988587,-0.0189251
0.335892,0.00969512,-0.0189251
0.336084,0.00946141,-0.0188045
0.33603,0.00938125,-0.0189644
0.336498,0.0094005,-0.0188549
0.33752,0.00908749,-0.0186727
0.33831,0.00838938,-0.0187427
0.338318,0.0077931,-0.0186814
0.338571,0.00733456,-0.01865
0.338883,0.00690967,-0.0185441
0.338591,0.00647727,-0.0185441
0.338573,0.00591492,-0.0187986
0.339203,0.0054168,-0.0187574
0.339971,0.0050855,-0.018651
0.34045,0.00489583,-0.0186928
0.340605,0.00480878,-0.0186928
0.340628,0.00476979,-0.018732
0.340741,0.00476627,-0.0187901
0.34099,0.00478245,-0.0187901
0.341519,0.00477968,-0.0187901
0.342486,0.00494644,-0.0188702
0.343192,0.00530614,-0.0186441
0.342893,0.00557331,-0.0186441
0.342667,0.0057798,-0.0190812
0.343127,0.0058777,-0.0190453
0.343343,0.00587556,-0.0189228
0.343333,0.00577237,-0.0187335
0.34405,0.00529717,-0.0189743
0.344873,0.00481975,-0.0187673
0.344966,0.00448659,-0.0187164
0.345204,0.00400751,-0.018935
0.345747,0.00352811,-0.0188661
0.346108,0.00314977,-0.0186572
0.346375,0.00263335,-0.0187637
0.346651,0.00184627,-0.0187637
0.346905,0.0012705,-0.01872
0.347002,0.00106434,-0.0187593
0.347102,0.000844375,-0.0187593
0.347305,0.000608722,-0.0186965
0.347508,0.000488172,-0.0188416
0.347829,0.000484674,-0.0188023
0.348602,0.000255002,-0.0187367
0.349098,3.94583e-05,-0.0186983
0.348849,8.14299e-05,-0.0188669
0.349097,0.000388944,-0.0191831
0.349739,0.00079754,-0.0188071
0.349853,0.000644288,-0.0187031
0.349894,0.000637034,-0.0190992
0.350391,0.000874807,-0.0189748
0.350679,0.000844471,-0.0188405
0.350815,0.000667725,-0.0190105
0.351429,0.000451523,-0.0190105
0.352071,0.000429962,-0.0189499
0.351923,0.000423888,-0.0188046
0.35157,0.000361433,-0.0190776
0.351824,0.000380191,-0.0190343
0.351908,0.000245449,-0.0189436
0.351614,-0.00010582,-0.0190565
0.351689,-0.000530768,-0.0191852
0.351821,-0.000921521,-0.019022
0.35157,-0.00125591,-0.019113
0.351464,-0.0015397,-0.0192191
0.351524,-0.0017448,-0.0186538
0.351541,-0.00203224,-0.018971
0.35135,-0.00199506,-0.0186868
0.351176,-0.00191566,-0.01873
0.350998,-0.00185653,-0.01873
0.350896,-0.00184539,-0.0186115
0.35081,-0.00189027,-0.0186436
0.350512,-0.00176244,-0.0185117
0.350359,-0.00158719,-0.0185818
0.350238,-0.00134535,-0.0184385
0.350058,-0.00118218,-0.0184975
0.349898,-0.000744052,-0.0184189
0.349919,-0.000218757,-0.018468
0.349934,0.000343842,-0.018468
0.34984,0.000867135,-0.018468
0.34989,0.00124665,-0.018468
0.349998,0.00159663,-0.0184188
0.349894,0.00165237,-0.0185944
0.349734,0.00160147,-0.0185105
0.349763,0.00162791,-0.0185554
0.349714,0.00151168,-0.0185554
0.349623,0.00122727,-0.0186577
0.349587,0.00107599,-0.0186144
0.349587,0.000922527,-0.0187639
0.349699,0.000584701,-0.0189733
0.349898,0.000130144,-0.0189733
0.349996,-0.000258775,-0.0190683
0.35016,-0.000466495,-0.0191747
0.350551,-0.000647232,-0.0193335
0.350716,-0.000753543,-0.0192695
0.350829,-0.000716154,-0.0194193
0.351022,-0.000659449,-0.0194193
0.350978,-0.000729642,-0.0194193
0.350861,-0.000726719,-0.0194971
0.351027,-0.000511013,-0.0194971
0.351274,-0.000252433,-0.0195662
0.351284,5.97844e-05,-0.0194254
0.351422,0.000337153,-0.0195045
0.351562,0.000484237,-0.0195876
0.351411,0.000384287,-0.0195192
0.351307,0.000363627,-0.019553
0.351321,0.000458055,-0.019553
0.351243,0.000362961,-0.019553
0.351022,0.00029837,-0.0194515
0.350741,0.000345495,-0.0194053
0.350448,0.00013534,-0.0193738
0.350095,-0.000393154,-0.0195257
0.349776,-0.000718716,-0.0191426
0.349644,-0.000860512,-0.0193926
0.349491,-0.00101482,-0.0193926
0.349481,-0.00111325,-0.019287
0.349583,-0.000982152,-0.0193364
0.349626,-0.000973641,-0.0194309
0.349709,-0.00104494,-0.0194007
0.349771,-0.000972967,-0.0193508
0.349733,-0.000957119,-0.0194622
0.349715,-0.001001,-0.0194622
0.349722,-0.000938928,-0.0193824
0.349581,-0.000606499,-0.0193824
0.349539,-0.000146167,-0.0194294
0.349661,0.000163712,-0.0195089
0.349629,0.000307955,-0.0194007
0.349653,0.000622884,-0.0196822
0.349991,0.00108882,-0.0196822
0.350377,0.00131766,-0.0198388
0.350689,0.00121746,-0.0199499
0.350854,0.00114483,-0.0200319
0.351064,0.00124673,-0.0200319
0.351222,0.00130815,-0.0200319
0.351093,0.00128243,-0.0200319
0.351181,0.00124401,-0.0201145
0.35132,0.00110679,-0.0201836
0.351094,0.000883758,-0.0200483
0.350998,0.000669234,-0.0202455
0.351049,0.000442299,-0.0202455
0.350936,1.91199e-05,-0.0201524
0.350819,-0.00055752,-0.0204778
0.350725,-0.000910033,-0.0201535
0.35078,-0.0011061,-0.0202098
0.350625,-0.0012919,-0.0202981
0.350305,-0.00143934,-0.0200189
0.350165,-0.00139931,-0.0200607
0.349981,-0.00140083,-0.0199389
0.349668,-0.00158595,-0.0199389
0.349465,-0.00159055,-0.0199764
0.349539,-0.00139472,-0.0200429
0.3495,-0.00101994,-0.0198983
0.349449,-0.000406239,-0.0199507
0.349668,0.000213958,-0.02003
0.349823,0.000465901,-0.0199563
0.349716,0.000552219,-0.0200185
0.349695,0.000710708,-0.0200185
0.349855,0.000888377,-0.0200617
0.349884,0.000911137,-0.0201861
0.34994,0.000809372,-0.0202476
0.350195,0.000787773,-0.0202476
0.350292,0.00079768,-0.020355
0.35036,0.000819583,-0.0205134
0.350655,0.000721986,-0.0207499
0.35093,0.000483314,-0.0208451
0.351153,0.000260803,-0.020763
0.351171,-4.87002e-05,-0.020763
0.350994,-0.000568141,-0.0209396
0.35097,-0.00107509,-0.0208617
0.351001,-0.00137066,-0.0208617
0.350927,-0.00154909,-0.0209081
0.350925,-0.00160859,-0.0209081
0.350971,-0.00154961,-0.0209081
0.350924,-0.00150315,-0.0209616
0.350931,-0.00145316,-0.0209616
0.350983,-0.00140983,-0.0209616
0.350958,-0.00144525,-0.0209616
0.350849,-0.00147992,-0.0208174
0.350616,-0.00108786,-0.02074
0.350563,-0.000303512,-0.02074
0.350677,8.59398e-05,-0.0206824
0.350532,-8.05551e-05,-0.0205526
0.350197,-2.56643e-05,-0.0204455
0.350069,0.000387589,-0.0203003
0.349877,0.000478418,-0.0203003
0.349511,0.000242427,-0.0203003
0.349579,0.000223096,-0.0203415
0.349775,0.000340614,-0.0202961
0.349642,0.000293527,-0.020387
0.34956,0.000371519,-0.0203563
0.349705,0.000452747,-0.0203927
0.349725,0.000353243,-0.0204451
0.34962,0.000273932,-0.0204086
0.349625,0.0002781,-0.0204514
0.349662,0.000141422,-0.0205961
0.349593,-0.000141323,-0.0207035
0.349731,-0.000174651,-0.0207035
0.350088,-9.54029e-05,-0.0209118
0.350263,-0.00017441,-0.0209118
0.35049,-0.000267962,-0.0210427
0.350826,-0.000246218,-0.0211236
0.350989,-0.000180538,-0.0212103
0.351028,8.01608e-05,-0.0210441
0.351145,0.000376887,-0.0211262
0.351127,0.000423354,-0.0212531
0.351004,0.000314298,-0.0211156
0.351029,0.000411941,-0.0212071
0.350962,0.000551119,-0.0211714
0.350847,0.000459348,-0.021254
0.350918,0.000289786,-0.0212131
0.350911,8.6516e-05,-0.0213225
0.350843,-9.92831e-05,-0.0212684
0.350937,-0.000419097,-0.0214403
0.350886,-0.000814602,-0.0212454
0.350785,-0.00124946,-0.021428
0.350688,-0.00167744,-0.0213463
0.350456,-0.00179559,-0.0211342
0.350314,-0.00162691,-0.021265
0.350201,-0.00154023,-0.0212337
0.350063,-0.00162414,-0.0210122
0.349905,-0.00168957,-0.0209188
0.349629,-0.00174111,-0.021038
0.349531,-0.00175912,-0.021038
0.349708,-0.00157269,-0.0209471
0.349787,-0.00132458,-0.0209827
0.349754,-0.00122781,-0.0210523
0.349771,-0.000994878,-0.0209406
0.349808,-0.00070181,-0.020998
0.349719,-0.00052234,-0.0210937
0.349749,-0.000368193,-0.0210155
0.349858,-0.000100754,-0.0210155
0.349886,0.000193655,-0.021101
0.34995,0.000574222,-0.0212147
0.350254,0.00103709,-0.0212147
0.350658,0.00134034,-0.0214328
0.350812,0.00133043,-0.0214686
0.350904,0.00121233,-0.0215078
0.351053,0.00128564,-0.0215078
0.351018,0.00132192,-0.0215645
0.350842,0.00125619,-0.0215645
0.350866,0.00111559,-0.0216771
0.350869,0.000931038,-0.0216286
0.350766,0.000628713,-0.0217126
0.350674,0.000296477,-0.0217126
0.350676,-0.00010853,-0.0218222
0.350563,-0.000361584,-0.0217181
0.350492,-0.000669318,-0.0218164
0.350469,-0.00122431,-0.0219595
0.35031,-0.00155104,-0.0217411
0.350285,-0.00149577,-0.0217411
0.350148,-0.00136886,-0.0216763
0.3498,-0.00146315,-0.0215672
0.349525,-0.00146209,-0.0214577
0.349385,-0.00137402,-0.0215157
0.349326,-0.00133908,-0.0215557
0.349431,-0.00117115,-0.0214862
0.349603,-0.000890252,-0.0214862
0.349639,-0.000726297,-0.0215958
0.349638,-0.000655115,-0.0215103
0.349682,-0.000448206,-0.0215572
0.349717,-2.13902e-05,-0.0214511
0.34983,0.000427641,-0.0215658
0.349901,0.000565925,-0.0216122
0.349844,0.000642037,-0.0215587
0.349875,0.0011128,-0.0214595
0.35009,0.00133705,-0.0218938
0.350196,0.00112756,-0.0217918
0.350294,0.00106527,-0.021843
0.350574,0.00123749,-0.0220778
0.350682,0.00135592,-0.0221122
0.350626,0.00138222,-0.0221122
0.350721,0.0012646,-0.0221626
0.350846,0.000823704,-0.0222931
0.350769,0.000460494,-0.0221745
0.350768,0.000176114,-0.0222735
0.350801,-0.000290105,-0.0223878
0.350669,-0.000918111,-0.0223237
0.350557,-0.00125561,-0.0222935
0.350575,-0.00138532,-0.0224366
0.350579,-0.00182044,-0.0225186
0.350622,-0.00204969,-0.0226803
0.350651,-0.00197504,-0.0227535
0.350577,-0.00199537,-0.0226001
0.350522,-0.00192781,-0.0225414
0.350351,-0.00187069,-0.0224487
0.350053,-0.00179401,-0.0223578
0.349867,-0.00142281,-0.0222883
0.349889,-0.00108662,-0.0223461
0.349792,-0.000854056,-0.0222788
0.349715,-0.000572725,-0.0223102
0.349823,-0.00031069,-0.0223451
0.349784,2.93803e-05,-0.0222904
0.34979,0.000497258,-0.0222904
0.349928,0.000818064,-0.0224484
0.350014,0.00094029,-0.0225972
0.349992,0.000999231,-0.0224597
0.349932,0.00103764,-0.0225166
0.349968,0.0010067,-0.0225166
0.350042,0.000873271,-0.0225166
0.350149,0.00090773,-0.0226396
0.350323,0.00099556,-0.0227146
0.350513,0.000984465,-0.022766
0.350734,0.0008757,-0.0228823
0.35101,0.000660777,-0.0230247
0.35098,0.000313545,-0.0231324
0.35082,-8.12143e-05,-0.0232223
0.350903,-0.000319931,-0.0231147
0.350858,-0.000592941,-0.0232195
0.35065,-0.00100749,-0.0232195
0.350662,-0.00142404,-0.02335
0.350691,-0.00149771,-0.0231683
0.350634,-0.00140336,-0.0232854
0.350603,-0.00138277,-0.0233481
0.350579,-0.00142844,-0.0232246
0.350495,-0.00141514,-0.0232246
0.350263,-0.00152471,-0.0231219
0.350015,-0.00153326,-0.02307
0.34992,-0.00106614,-0.0229336
0.349979,-0.000736512,-0.0230543
0.349947,-0.00062583,-0.0231252
0.349857,-0.000328934,-0.0229637
0.34993,0.000212706,-0.0229637
0.349995,0.000599826,-0.0231106
0.349872,0.000730037,-0.023014
0.349885,0.000865093,-0.023014
0.349971,0.000942413,-0.0231666
0.349918,0.000830173,-0.0231113
0.349916,0.000774871,-0.0231558
0.350006,0.000769461,-0.0232363
0.35009,0.000631784,-0.0233778
0.350213,0.000474136,-0.0233778
0.350468,0.000351713,-0.0235456
0.350676,0.000246505,-0.023595
0.350768,-1.25535e-05,-0.023595
0.350735,-0.000354147,-0.023595
0.35073,-0.000813004,-0.0237763
0.350713,-0.00134887,-0.0237207
0.350634,-0.00161378,-0.0236586
0.350597,-0.00159779,-0.0238211
0.350563,-0.00158635,-0.0237477
0.350596,-0.00162749,-0.0237944
0.350598,-0.00160894,-0.0237944
0.350599,-0.00161293,-0.0238844
0.350576,-0.00147626,-0.0237899
0.350533,-0.00132235,-0.023835
0.350432,-0.00124379,-0.0236723
0.350241,-0.00109665,-0.0235815
0.350097,-0.000785804,-0.0235339
0.349935,-0.000424903,-0.0233165
0.349729,-0.000220703,-0.0235379
0.349613,0.000142047,-0.0234708
0.349725,0.000444425,-0.0233917
0.349694,0.000581974,-0.0235609
0.349503,0.000821998,-0.023421
0.349574,0.00104319,-0.0235457
0.349616,0.00111139,-0.0235457
0.349511,0.00102402,-0.0235457
0.34951,0.00106152,-0.0235457
0.349499,0.00108338,-0.0235457
0.349397,0.000910286,-0.0236282
0.349404,0.000694345,-0.0237661
0.349573,0.000581508,-0.0238944
0.349771,0.000337403,-0.0239721
0.349794,-1.86163e-05,-0.0239721
0.349749,-0.000323514,-0.0241774
0.349862,-0.0004898,-0.0241774
0.350104,-0.000470832,-0.024293
0.350324,-0.000396096,-0.024397
0.350464,-0.000383921,-0.0244557
0.350604,-0.000381008,-0.0244557
0.350682,-0.000359357,-0.0244557
0.35066,-0.00038591,-0.0244948
0.350651,-0.000334351,-0.0244948
0.350728,-0.000227589,-0.0244948
0.350731,-5.77576e-05,-0.0244948
0.35071,6.7887e-05,-0.0245464
0.350742,0.000130193,-0.0245783
0.350755,0.000130419,-0.0245465
0.350787,0.000135514,-0.0245832
0.350814,0.000190138,-0.0245832
0.35079,0.000139041,-0.0245832
0.350707,1.81438e-05,-0.0246292
0.350582,-0.000215165,-0.0245829
0.350404,-0.000649964,-0.0245829
0.350128,-0.000987225,-0.0244083
0.349989,-0.00115723,-0.0244083
0.349874,-0.0012937,-0.0242705
0.349667,-0.0013622,-0.0243563
0.34974,-0.00134111,-0.0244088
0.349861,-0.00132373,-0.0243558
0.349799,-0.00134093,-0.0244129
0.349811,-0.00121066,-0.0244129
0.349967,-0.00104866,-0.0244782
0.349903,-0.000893534,-0.0244178
0.349787,-0.00055204,-0.0243671
0.349978,-0.000153148,-0.0245619
0.350038,0.000182361,-0.0244435
0.350089,0.000506903,-0.0245051
0.350377,0.000935019,-0.0247024
0.350698,0.00109698,-0.0247763
0.350926,0.00101873,-0.0248424
0.350946,0.00100104,-0.0247285
0.350903,0.000981437,-0.0248746
0.350937,0.00102124,-0.0248746
0.35099,0.000972397,-0.0249079
0.35095,0.000797802,-0.0249079
0.350881,0.000355295,-0.0250923
0.350756,-6.53894e-05,-0.0249529
0.350687,-0.000265952,-0.0249529
0.350651,-0.000395901,-0.0251221
0.350559,-0.000635157,-0.0249932
0.350563,-0.000890486,-0.0251021
0.350497,-0.000904526,-0.0249598
0.350313,-0.000938909,-0.0247482
0.349999,-0.0010333,-0.024829
0.349806,-0.00101965,-0.0246652
0.349767,-0.00103043,-0.0245067
0.349382,-0.00104279,-0.0246105
0.349282,-0.000852398,-0.0246978
0.349592,-0.000605631,-0.0246236
0.349513,-0.000409771,-0.0246236
0.349373,-8.91373e-05,-0.0246906
0.349546,0.00027946,-0.0246906
0.349633,0.000397827,-0.0246906
0.349512,0.000385102,-0.0247795
0.349561,0.0005221,-0.0247236
0.349765,0.000578098,-0.0249406
0.349856,0.000503083,-0.0249406
0.350061,0.000568336,-0.0250681
0.350298,0.000562317,-0.025119
0.350265,0.000332554,-0.0252171
0.350277,6.66645e-05,-0.0252487
0.350397,-0.000191103,-0.0253644
0.350254,-0.000444486,-0.0251918
0.350228,-0.00080012,-0.0254111
0.350289,-0.00111188,-0.0254897
0.350237,-0.0011955,-0.0252199
0.350317,-0.00112793,-0.0254832
0.350431,-0.00110543,-0.0254832
0.350415,-0.00120001,-0.0253473
0.350342,-0.00111973,-0.0254437
0.350408,-0.00106142,-0.0255747
0.350398,-0.00103678,-0.0254146
0.350303,-0.000782703,-0.0254146
0.350361,-0.000514802,-0.0254877
0.350344,-0.000321127,-0.0252523
0.350168,-7.91547e-05,-0.0252867
0.350022,0.000282246,-0.0252867
0.349906,0.000720649,-0.0251061
0.349779,0.00103068,-0.0251061
0.349533,0.00103547,-0.0252562
0.349437,0.000971553,-0.0251896
0.349601,0.00107766,-0.0251896
0.349592,0.00114606,-0.0251896
0.34952,0.00105648,-0.0252432
0.349597,0.00106075,-0.0252432
0.349583,0.000962391,-0.0252762
0.349501,0.000565051,-0.0253942
0.349534,0.000131699,-0.0254874
0.349733,-0.000236493,-0.0256912
0.350327,-0.000230222,-0.0269171
0.352228,0.00182615,-0.027025
0.356541,0.00492822,-0.0263846
0.362127,0.00750268,-0.0278275
0.368043,0.0106541,-0.0276297
0.375598,0.013253,-0.0272827
0.384179,0.0145382,-0.0280136
0.393043,0.0154775,-0.027979
0.402458,0.015966,-0.0273638
0.411349,0.0160148,-0.0276712
0.418906,0.0162277,-0.0276275
0.426004,0.0164867,-0.0275164
0.4326,0.0167228,-0.0277238
0.438174,0.0169839,-0.0276341
0.443745,0.0171089,-0.0276341
0.44946,0.0170958,-0.0277478
0.454275,0.0172135,-0.0277808
0.458377,0.0172333,-0.0275537
0.462728,0.0166921,-0.0278976
0.466972,0.0163979,-0.0277475
0.470728,0.0169405,-0.0276987
0.474074,0.017078,-0.0277798
0.476951,0.0163252,-0.0276779
0.479249,0.0159574,-0.0275257
0.481229,0.0163798,-0.0275875
0.483495,0.0166096,-0.0275875
0.486063,0.0167416,-0.0275875
0.488415,0.0167964,-0.0275875
0.490181,0.0162063,-0.0276828
0.492159,0.0158915,-0.0276828
0.4941,0.015989,-0.0275556
0.495469,0.0156815,-0.0276669
0.497193,0.0155066,-0.0277467
0.498591,0.0157583,-0.0274077
0.499664,0.0157553,-0.0277545
0.501142,0.0153842,-0.0275972
0.501916,0.0151128,-0.0273961
0.502702,0.0148996,-0.0276767
0.503811,0.0145828,-0.0276421
0.503898,0.0145342,-0.0273873
0.504495,0.0144607,-0.0275766
0.505887,0.0139644,-0.0275766
0.506307,0.0135191,-0.0272558
0.506991,0.0134411,-0.0276247
0.508154,0.0130992,-0.0273385
0.507913,0.0124533,-0.0272943
0.50781,0.0119084,-0.027382
0.508616,0.0114147,-0.0273359
0.509063,0.0107002,-0.0273359
0.509781,0.00995444,-0.0275274
0.510255,0.00957204,-0.0273396
0.510192,0.0093087,-0.027235
0.511044,0.00875676,-0.02739
0.512004,0.00813558,-0.0272817
0.512321,0.0078084,-0.0272231
0.512656,0.00748502,-0.0271731
0.512744,0.00687057,-0.0270184
0.513111,0.00613379,-0.027109
0.514163,0.00553136,-0.0270327
0.515052,0.00507645,-0.0270909
0.515604,0.00499463,-0.0271285
0.515761,0.00499485,-0.0270858
0.515578,0.00491549,-0.0272941
0.515773,0.00499972,-0.0273795
0.516001,0.0051429,-0.026856
0.516175,0.00480983,-0.0271601
0.516536,0.00455098,-0.026981
0.51671,0.00485239,-0.0270371
0.516681,0.00514452,-0.0271385
0.516898,0.00553862,-0.0272817
0.517271,0.00570609,-0.0272817
0.517258,0.00604377,-0.0274143
0.518022,0.00605394,-0.026975
0.519298,0.00530943,-0.0273409
0.519592,0.00484695,-0.0269312
0.519523,0.00504369,-0.0274189
0.519817,0.00514662,-0.0274493
0.520014,0.00494867,-0.0273667
0.520044,0.0048106,-0.0275819
0.520164,0.00453587,-0.0276506
0.520034,0.00442403,-0.0269197
0.520268,0.00398896,-0.0271987
0.520643,0.00323282,-0.0270513
0.520593,0.0025239,-0.0272362
0.520471,0.00223654,-0.0269389
0.521368,0.001686,-0.0269389
0.522568,0.000737086,-0.026899
0.522624,0.000439097,-0.0266274
0.522455,0.000637421,-0.0269591
0.522569,0.000643607,-0.0269117
0.522524,0.000507134,-0.026798
0.522411,0.000604655,-0.0271273
0.522711,0.000671078,-0.0271273
0.522978,0.000791373,-0.0272587
0.523132,0.000980747,-0.0273777
0.523577,0.0012448,-0.0275782
0.524004,0.00176237,-0.0276343
0.524345,0.00226122,-0.0268984
0.524569,0.00228971,-0.0273321
0.524593,0.00180156,-0.0270485
0.524716,0.00181754,-0.0271286
0.524866,0.00196373,-0.0272824
0.525019,0.00170695,-0.0274697
0.525629,0.00174141,-0.0275699
0.526079,0.00188508,-0.0269455
0.526588,0.00138547,-0.0272514
0.527326,0.000538752,-0.0268689
0.52714,2.65664e-05,-0.0269852
0.526821,-0.000180985,-0.0271421
0.527012,-0.000431169,-0.0271421
0.526845,-0.000868222,-0.0270174
0.5267,-0.00102189,-0.0272396
0.52695,-0.00136265,-0.0272396
0.526872,-0.00182608,-0.0271264
0.52687,-0.00183971,-0.0272594
0.527054,-0.00174083,-0.027199
0.526951,-0.00176758,-0.027199
0.526841,-0.00175923,-0.0272503
0.526886,-0.0018117,-0.0272503
0.526776,-0.00192457,-0.0272503
0.526693,-0.00195736,-0.0272908
0.526724,-0.00190622,-0.0272908
0.526676,-0.00173759,-0.0272908
0.526635,-0.0014397,-0.0272908
0.52665,-0.00116283,-0.0273436
0.526663,-0.000867824,-0.0272551
0.526724,-0.000476327,-0.0273448
0.526845,-0.00018015,-0.0273135
0.526875,0.000111067,-0.0271531
0.526741,0.000280065,-0.0272527
0.52667,8.99642e-05,-0.0271034
0.526544,-5.17534e-06,-0.0270585
0.526414,-4.0982e-05,-0.0270585
0.526245,-0.00015573,-0.0269612
0.525923,-0.000226182,-0.0270037
0.525702,-0.000296824,-0.0268864
0.525357,-0.000545101,-0.0268864
0.524891,-0.0010709,-0.0268503
0.524614,-0.00145033,-0.0268503
0.524633,-0.00155194,-0.0268814
0.524685,-0.00157168,-0.0268814
0.524689,-0.00161473,-0.0269478
0.524772,-0.00167654,-0.0269478
0.524803,-0.00170889,-0.0269478
0.524771,-0.00169977,-0.0269478
0.52473,-0.00167832,-0.0269478
0.524623,-0.00158278,-0.0269478
0.524585,-0.00145542,-0.0270471
0.524535,-0.00123888,-0.0269385
0.524427,-0.000768574,-0.0270799
0.524352,-0.000257278,-0.0270799
0.524375,6.3104e-05,-0.027121
0.524491,0.000340459,-0.0271621
0.524607,0.000604689,-0.0271621
0.524766,0.000871543,-0.0270689
0.524975,0.0010833,-0.0272999
0.525147,0.00103711,-0.0272999
0.525226,0.00100658,-0.0273339
0.525283,0.00112423,-0.0274333
0.525304,0.00112848,-0.0274333
0.525265,0.00114277,-0.0274798
0.525399,0.0011033,-0.02767
0.525704,0.000898008,-0.027729
0.525916,0.000614122,-0.0277971
0.526085,0.000276312,-0.0279539
0.526135,5.52236e-05,-0.0279539
0.526095,-0.000111075,-0.0279925
0.526159,-0.000413829,-0.0280743
0.52614,-0.000866248,-0.0280302
0.525996,-0.00125098,-0.0280844
0.525961,-0.00141504,-0.0280844
0.525851,-0.00145968,-0.0281408
0.525763,-0.00149395,-0.0281408
0.525857,-0.00145192,-0.0281937
0.525877,-0.00150913,-0.0281937
0.52587,-0.00160587,-0.0281937
0.525896,-0.00155171,-0.0281937
0.525832,-0.00150635,-0.0281937
0.525837,-0.00146374,-0.0282638
0.525886,-0.00140215,-0.0282638
0.525744,-0.00129537,-0.0282144
0.525609,-0.00102952,-0.0283083
0.525604,-0.000678797,-0.0281479
0.525581,-0.000402345,-0.0283681
0.525571,-0.000268547,-0.0282049
0.525709,-0.000175381,-0.0282994
0.525845,-0.000112419,-0.0284623
0.525976,-4.51966e-05,-0.0283956
0.525951,6.52208e-05,-0.0283191
0.52558,5.93744e-06,-0.0283191
0.525241,5.45486e-05,-0.0282242
0.525095,0.000120125,-0.0281374
0.524729,-7.60753e-05,-0.0281374
0.524594,-0.00020326,-0.028228
0.525026,-0.000196267,-0.0283076
0.525189,-0.000234706,-0.0282513
0.525001,-0.00027514,-0.0283118
0.525055,-0.000188908,-0.0283118
0.525157,-0.000186189,-0.0283118
0.525025,-0.000189575,-0.0283621
0.525034,-9.87338e-05,-0.0283621
0.525044,-9.24927e-05,-0.0283621
0.524944,-0.000152495,-0.0283621
0.524969,3.81833e-06,-0.028321
0.524957,0.000285854,-0.0284023
0.525011,0.000560888,-0.0284023
0.525036,0.000706134,-0.0284583
0.524888,0.000629797,-0.0284583
0.524936,0.000711118,-0.028491
0.52497,0.000824021,-0.0285672
0.524975,0.000877168,-0.0285672
0.525111,0.00102595,-0.0285672
0.525108,0.00104297,-0.0286124
0.524987,0.000915987,-0.0286536
0.525066,0.000670354,-0.0288055
0.525091,0.000225915,-0.0288475
0.525089,-0.000160063,-0.0289053
0.525234,-0.000324393,-0.0289631
0.525391,-0.000541389,-0.0291177
0.525587,-0.000905967,-0.0292851
0.525877,-0.000887588,-0.0293341
0.526231,-0.000629797,-0.0293917
0.52621,-0.000665713,-0.0293917
0.526108,-0.00065931,-0.0294369
0.526062,-0.000642606,-0.0294789
0.525831,-0.000810103,-0.0295236
0.525709,-0.000866275,-0.0294925
0.525626,-0.000876691,-0.0295459
0.525593,-0.000905235,-0.0295459
0.525665,-0.00087213,-0.0295459
0.525666,-0.000832426,-0.0295459
0.52564,-0.000798717,-0.0295914
0.525625,-0.000631422,-0.0295372
0.525683,-0.000322477,-0.0296073
0.525774,-1.75166e-05,-0.029687
0.525781,0.000117431,-0.029687
0.52578,0.000237023,-0.0296266
0.525766,0.0003765,-0.0297207
0.525709,0.000338616,-0.0297207
0.52568,0.000297069,-0.0297207
0.525684,0.000256844,-0.0297525
0.525688,0.00017295,-0.0297525
0.525728,8.18419e-05,-0.0297042
0.525767,5.68392e-06,-0.0297714
0.525722,-0.000133113,-0.0297714
0.525616,-0.000436614,-0.0297714
0.525512,-0.000843642,-0.0297714
0.525347,-0.00114149,-0.0297714
0.524896,-0.0012181,-0.0296338
0.524504,-0.00128,-0.0297365
0.52447,-0.00135168,-0.0297005
0.524545,-0.00131364,-0.0297005
0.524546,-0.00127253,-0.0297313
0.524508,-0.00127388,-0.0297313
0.524532,-0.00127889,-0.0297313
0.52444,-0.0011607,-0.0297313
0.52435,-0.000806372,-0.0297313
0.52445,-0.000436788,-0.0297313
0.524656,-7.97193e-05,-0.0297313
0.524755,0.000112257,-0.0298085
0.524663,7.47237e-05,-0.0298085
0.524668,0.000363827,-0.0298085
0.52474,0.000889544,-0.0298085
0.524741,0.00105307,-0.029983
0.524746,0.00103492,-0.0298623
0.524766,0.00116239,-0.0299772
0.524816,0.00120801,-0.0300125
0.524924,0.00115885,-0.0300125
0.52497,0.00109339,-0.0300812
0.524953,0.000932053,-0.0301352
0.525092,0.000706213,-0.0304013
0.525472,0.000543948,-0.0304013
0.52584,0.000260909,-0.0304904
0.525642,-0.000198847,-0.0303873
0.525496,-0.00035432,-0.0305059
0.525601,-0.000591019,-0.030563
0.525314,-0.00112962,-0.030563
0.525332,-0.00115016,-0.030563
0.525513,-0.000975625,-0.0306203
0.525361,-0.00107635,-0.0306203
0.525456,-0.000984865,-0.0306203
0.525563,-0.000907611,-0.0306203
0.525381,-0.00106443,-0.030661
0.52538,-0.00109669,-0.030661
0.525406,-0.000958566,-0.0305846
0.52529,-0.000812248,-0.0307419
0.52527,-0.000507289,-0.0305409
0.525349,-7.90169e-06,-0.0306454
0.525348,0.000371637,-0.0307019
0.525346,0.000630967,-0.0306496
0.525406,0.000852829,-0.0306496
0.525369,0.000852235,-0.0306828
0.525344,0.000696339,-0.0306212
0.525318,0.000527727,-0.0306212
0.525249,0.000293749,-0.0306785
0.525247,0.000103529,-0.0306785
0.525291,6.86939e-05,-0.0306785
0.525315,6.52496e-05,-0.0307913
0.5253,2.7314e-05,-0.0307913
0.525283,4.85868e-05,-0.0307913
0.525319,-0.000221295,-0.0309504
0.52528,-0.00075085,-0.0308499
0.525316,-0.00118689,-0.0309692
0.525345,-0.00158529,-0.0309123
0.525353,-0.00175298,-0.0309476
0.525461,-0.00172416,-0.0309476
0.525438,-0.00172572,-0.0309476
0.525419,-0.00173602,-0.0309836
0.525478,-0.00166317,-0.0309836
0.525457,-0.0015483,-0.0309836
0.525391,-0.00144821,-0.0309836
0.525405,-0.00128977,-0.0309836
0.525403,-0.00109556,-0.0309836
0.525435,-0.00079542,-0.0309836
0.525577,-0.000405228,-0.0309836
0.525649,-0.000162701,-0.0310837
0.525699,6.81708e-05,-0.0309549
0.525807,0.000445131,-0.0309549
0.525778,0.00064636,-0.0309218
0.525464,0.000558629,-0.0307801
0.524974,0.000473042,-0.0307282
0.524657,0.000545118,-0.0307726
0.524587,0.000606714,-0.0307302
0.524491,0.000591662,-0.0307302
0.524475,0.000515749,-0.0307852
0.524509,0.000264487,-0.0307852
0.524427,-9.32362e-05,-0.0308307
0.524408,-0.000619475,-0.0308626
0.52432,-0.00118096,-0.0309154
0.524222,-0.00137898,-0.0308112
0.524266,-0.00127204,-0.0309336
0.524276,-0.00126472,-0.0309336
0.524266,-0.00122508,-0.0309336
0.524349,-0.00101076,-0.0309908
0.524396,-0.000740716,-0.0309586
0.524384,-0.000468931,-0.0309586
0.524426,-0.000416703,-0.0309906
0.524356,-0.000405346,-0.0309906
0.524366,-0.000268763,-0.0309906
0.524463,-0.000127551,-0.0310266
0.524503,6.05973e-06,-0.031081
0.524696,0.000313484,-0.0310159
0.524857,0.000764774,-0.0311388
0.524959,0.00107146,-0.0311388
0.525227,0.00116012,-0.0312795
0.525447,0.0011647,-0.031396
0.525672,0.00119153,-0.0314796
0.525872,0.00123523,-0.0314796
0.525871,0.00122227,-0.0315256
0.525882,0.00118743,-0.0315256
0.525899,0.00113832,-0.0315256
0.525861,0.000947134,-0.0315646
0.525801,0.000696667,-0.0315646
0.525782,0.000528437,-0.0315646
0.525737,0.000260637,-0.0316355
0.525606,-0.000344846,-0.0317453
0.525485,-0.000784835,-0.031619
0.525454,-0.000978476,-0.0318023
0.525395,-0.00139297,-0.031749
0.525383,-0.00152423,-0.0316969
0.52549,-0.00140552,-0.0317914
0.525474,-0.00154689,-0.0317914
0.525474,-0.00161916,-0.0317914
0.525535,-0.00157963,-0.0317914
0.525454,-0.00162132,-0.0317914
0.525381,-0.00153206,-0.0317914
0.525365,-0.00121633,-0.0316879
0.525273,-0.000883652,-0.0317791
0.525183,-0.00063179,-0.0315381
0.525059,-0.000190929,-0.0315833
0.524952,0.000163096,-0.0315833
0.524866,0.000201799,-0.0315833
0.524869,0.0003096,-0.0315833
0.524967,0.00050065,-0.0316724
0.524963,0.000460794,-0.0316724
0.524911,0.000376867,-0.0316151
0.524901,0.00047479,-0.0317119
0.524878,0.000493521,-0.0317119
0.524793,0.000500877,-0.0317119
0.524753,0.000538089,-0.0318008
0.524759,0.000443855,-0.0318008
0.524847,0.000230878,-0.0318718
0.524899,-9.31811e-05,-0.0318718
0.524872,-0.000501319,-0.0319086
0.52485,-0.000856577,-0.031976
0.524858,-0.000996934,-0.0319086
0.524919,-0.000935921,-0.031978
0.524914,-0.000950003,-0.031978
0.524942,-0.000985943,-0.0320158
0.525047,-0.000900683,-0.0320841
0.525158,-0.000748013,-0.0320841
0.525233,-0.000512056,-0.0320841
0.525332,-0.000368557,-0.0322008
0.525507,-0.000354755,-0.0322576
0.525723,-8.7787e-05,-0.0322576
0.525894,0.000344678,-0.0321954
0.525937,0.000494609,-0.0323255
0.525946,0.000396629,-0.0323255
0.526003,0.000392622,-0.0323255
0.526016,0.000518025,-0.0323595
0.525959,0.000592214,-0.0323595
0.525961,0.000613652,-0.0323595
0.525925,0.000523963,-0.0324176
0.52583,0.000321082,-0.0324176
0.525762,-4.4334e-05,-0.032488
0.525709,-0.000396432,-0.032488
0.525708,-0.000568436,-0.0325486
0.525713,-0.000814086,-0.0325886
0.525729,-0.00112002,-0.0325886
0.525718,-0.00116729,-0.0325886
0.525672,-0.00108107,-0.0326304
0.52563,-0.00104826,-0.0326304
0.525596,-0.000998208,-0.0326684
0.525625,-0.00101723,-0.0326684
0.525571,-0.00105209,-0.0326684
0.525441,-0.00110292,-0.0326092
0.525306,-0.00101529,-0.0325729
0.525189,-0.000708996,-0.0324512
0.524974,-0.00051499,-0.0324512
0.524806,-0.000339196,-0.0323626
0.524827,7.64039e-05,-0.0324416
0.524809,0.000387763,-0.0324416
0.524838,0.00062369,-0.0323515
0.524902,0.000879738,-0.0325242
0.524894,0.000861128,-0.0324361
0.524899,0.00087767,-0.0324361
0.524923,0.000944614,-0.0324818
0.524889,0.000869469,-0.0324818
0.52488,0.000787619,-0.0324818
0.524959,0.000611917,-0.0324818
0.524994,0.000264485,-0.0324818
0.525008,-0.000130644,-0.0324818
0.524985,-0.000576317,-0.0325835
0.524916,-0.000867871,-0.0325494
0.525003,-0.000759219,-0.0325494
0.52511,-0.000599986,-0.0325915
0.525062,-0.000584527,-0.0325915
0.525026,-0.00057976,-0.0326323
0.525036,-0.000627914,-0.0326856
0.525093,-0.000734257,-0.0328394
0.525165,-0.000701885,-0.0327573
0.525193,-0.000523536,-0.0328394
0.525472,-6.33901e-05,-0.0330341
0.525799,0.000430865,-0.0330341
0.525888,0.000675208,-0.0330341
0.526088,0.000960039,-0.033181
0.526118,0.000965739,-0.0330213
0.525929,0.000900236,-0.0331677
0.52603,0.00105274,-0.0331677
0.525953,0.000999529,-0.0330443
0.525807,0.000854842,-0.0332374
0.525957,0.000719997,-0.0331688
0.525832,0.000504739,-0.0331096
0.525766,0.000315972,-0.0333073
0.525995,0.000113913,-0.0332398
0.525928,-0.000383692,-0.0333267
0.52585,-0.000933846,-0.0333267
0.52598,-0.00134155,-0.0333653
0.525841,-0.00162286,-0.0332508
0.525844,-0.00153396,-0.0333979
0.526031,-0.00142108,-0.0332946
0.525865,-0.00147764,-0.0333695
0.525826,-0.00147975,-0.0334346
0.525841,-0.00148915,-0.0333662
0.525604,-0.0015762,-0.0333662
0.525468,-0.00157783,-0.0333121
0.525305,-0.00167057,-0.0332559
0.525044,-0.00163609,-0.0332559
0.525315,-0.00109475,-0.0331993
0.525427,-0.000563202,-0.0330292
0.525019,-0.000354831,-0.0331829
0.525046,-0.00010208,-0.0330566
0.525087,0.000105423,-0.0329744
0.524685,0.00015277,-0.0330606
0.52472,0.000361381,-0.0330606
0.524798,0.000472345,-0.0330275
0.524481,0.000396715,-0.0331071
0.52457,0.000535641,-0.0331071
0.524637,0.000681659,-0.0331071
0.524515,0.000647247,-0.0331682
0.524641,0.000660423,-0.0331682
0.52459,0.000394432,-0.0332103
0.524396,-3.49512e-05,-0.0332443
0.524575,-0.000388239,-0.0332912
0.524548,-0.000835871,-0.0332912
0.524314,-0.00110824,-0.0332607
0.524499,-0.000887159,-0.03335
0.524547,-0.000784974,-0.0333125
0.524353,-0.000854445,-0.0333524
0.524509,-0.000706826,-0.0334117
0.52446,-0.000684645,-0.0332877
0.524303,-0.000583604,-0.0334328
0.524475,-0.000257358,-0.0334971
0.524524,4.53493e-05,-0.0335496
0.524864,0.000384785,-0.03378
0.525309,0.000708057,-0.0336282
0.52526,0.000837907,-0.033774
0.525411,0.00103371,-0.033774
0.525689,0.00118981,-0.033774
0.525508,0.00111701,-0.033774
0.525526,0.00113576,-0.033774
0.525705,0.000608102,-0.033774
0.524904,-0.00144772,-0.0329559
0.52259,-0.0051706,-0.03156
0.518226,-0.0105562,-0.0303364
0.512214,-0.017043,-0.0289111
0.505765,-0.0227645,-0.0275672
0.499066,-0.026852,-0.0285256
0.491787,-0.0297109,-0.0274892
0.484949,-0.0319828,-0.0273358
0.478358,-0.0341216,-0.0274514
0.471961,-0.0357359,-0.0268401
0.466322,-0.0366933,-0.0270719
0.460795,-0.0374669,-0.0271068
0.455765,-0.0381385,-0.0269836
0.450532,-0.0377516,-0.0270666
0.445557,-0.0367646,-0.0269188
0.441883,-0.0365227,-0.0270243
0.437942,-0.0363791,-0.0270737
0.433505,-0.0354287,-0.0268931
0.42995,-0.0346407,-0.0270262
0.42671,-0.0345654,-0.0268048
0.423109,-0.0340761,-0.0268048
0.419436,-0.0326444,-0.026913
0.416161,-0.0312077,-0.0267496
0.413556,-0.0306049,-0.0268862
0.411007,-0.029819,-0.0270753
0.40799,-0.0282189,-0.0267975
0.404932,-0.026979,-0.0267505
0.40218,-0.0262114,-0.0268393
0.399323,-0.0248919,-0.0268058
0.396176,-0.0231602,-0.0266833
0.393763,-0.0220469,-0.0266833
0.392114,-0.02129,-0.026723
0.389999,-0.0201226,-0.0265225
0.387786,-0.0190289,-0.0264516
0.385831,-0.0182105,-0.0264516
0.383757,-0.0172459,-0.0262641
0.382026,-0.0163271,-0.0262641
0.38036,-0.0156985,-0.0262021
0.378421,-0.0152035,-0.0262021
0.376923,-0.0144474,-0.0259766
0.375821,-0.013648,-0.0261652
0.3745,-0.0128727,-0.0262929
0.372835,-0.0119825,-0.0257422
0.371437,-0.0114698,-0.026011
0.370158,-0.0111435,-0.0259619
0.368933,-0.0106445,-0.0255614
0.368044,-0.0103443,-0.0257553
0.36726,-0.0103224,-0.0257087
0.366425,-0.0101647,-0.0254154
0.36559,-0.00960031,-0.0258718
0.364665,-0.00894041,-0.0257159
0.363918,-0.00879457,-0.0256115
0.363451,-0.00867511,-0.0257316
0.362665,-0.00814861,-0.0255831
0.361916,-0.00794162,-0.0256366
0.361411,-0.00799877,-0.0256366
0.360821,-0.00759555,-0.0256366
0.360353,-0.00714367,-0.0256366
0.35999,-0.00713393,-0.0256366
0.359553,-0.00700482,-0.0257633
0.359007,-0.00662796,-0.025904
0.358559,-0.00636653,-0.0259775
0.358215,-0.00615681,-0.0260395
0.357738,-0.00589083,-0.0261792
0.357307,-0.00558495,-0.0263821
0.357121,-0.00536236,-0.0263821
0.357149,-0.00510255,-0.0264497
0.356892,-0.00436719,-0.0266488
0.356584,-0.00354513,-0.0266038
0.35662,-0.00324877,-0.0266038
0.356295,-0.0030682,-0.0267754
0.35571,-0.00278641,-0.0266816
0.355641,-0.00269852,-0.0266816
0.355575,-0.002754,-0.026596
0.354982,-0.00264271,-0.026596
0.354446,-0.00229457,-0.0264678
0.354415,-0.00197268,-0.0265157
0.354302,-0.00173848,-0.0265157
0.353918,-0.00160198,-0.0265157
0.353872,-0.00152328,-0.0266504
0.353724,-0.00136184,-0.0266504
0.353132,-0.0012166,-0.0265191
0.352751,-0.00119121,-0.0265191
0.352678,-0.00128164,-0.0265729
0.352319,-0.00125342,-0.0264772
0.351784,-0.00101041,-0.0263737
0.351566,-0.000818307,-0.0264437
0.351535,-0.000721583,-0.0263842
0.351338,-0.000650172,-0.0264176
0.350896,-0.000706087,-0.0264938
0.350148,-0.000934955,-0.0263218
0.349646,-0.00109899,-0.0262573
0.349731,-0.000941871,-0.0264483
0.349583,-0.000689853,-0.0263009
0.349148,-0.000694152,-0.0263009
0.348894,-0.000597417,-0.0264135
0.348613,-0.000278959,-0.0262068
0.348219,-9.98821e-05,-0.0262401
0.34791,0.000114649,-0.026299
0.347916,0.000355729,-0.0263874
0.348075,0.000374539,-0.0263874
0.348022,0.000268942,-0.0263339
0.348001,0.000296765,-0.0264737
0.348211,0.000384954,-0.0265303
0.348297,0.000485322,-0.0265303
0.348333,0.000601393,-0.0266004
0.348544,0.000635409,-0.0268739
0.348684,0.000738017,-0.0266707
0.348863,0.00081699,-0.0271249
0.348999,0.000983404,-0.0271249
0.349263,0.00105428,-0.0272653
0.34964,0.00099293,-0.0275382
0.34978,0.000935962,-0.0274468
0.34996,0.000930952,-0.0276946
0.350143,0.000834287,-0.0276946
0.350249,0.000490592,-0.0279135
0.350316,0.000301813,-0.0280654
0.350456,9.43504e-05,-0.0281139
0.350546,-4.46914e-05,-0.0280356
0.350495,-9.47604e-08,-0.0280356
0.350524,2.64276e-05,-0.0279962
0.350553,-4.97871e-05,-0.0278757
0.350437,-0.000215526,-0.0278757
0.350305,-0.000356624,-0.0277583
0.350267,-0.000469035,-0.0277583
0.350205,-0.000636824,-0.0276765
0.350072,-0.000782664,-0.0276765
0.349959,-0.000756011,-0.0275845
0.349725,-0.00065858,-0.0273197
0.349407,-0.000480179,-0.0273197
0.349103,-0.000156066,-0.0273197
0.348865,2.22528e-05,-0.0271737
0.348693,9.31521e-06,-0.0271286
0.348565,8.55576e-05,-0.0272042
0.348718,0.000153468,-0.0272712
0.348819,0.000130779,-0.027202
0.348712,8.88533e-05,-0.0272838
0.348732,9.02651e-05,-0.0273486
0.348835,0.000115607,-0.0273486
0.348879,0.000209077,-0.0274584
0.348959,0.000441892,-0.0275484
0.349113,0.000694474,-0.0276052
0.349192,0.00084359,-0.027679
0.34924,0.000863395,-0.0277812
0.349371,0.00088351,-0.0280294
0.349493,0.000797493,-0.0280294
0.349579,0.000666086,-0.028305
0.349787,0.000689038,-0.0285325
0.350029,0.000699611,-0.028664
0.350198,0.000638188,-0.0289047
0.350411,0.00048898,-0.0291432
0.350667,0.000220086,-0.0292323
0.350763,-7.83624e-05,-0.0291676
0.350651,-0.00021827,-0.029235
0.350538,-0.000261937,-0.0290604
0.350501,-0.000579318,-0.0290604
0.350333,-0.000899148,-0.0290092
0.350212,-0.00101076,-0.02894
0.350261,-0.00103267,-0.0290728
0.350239,-0.00103346,-0.0289617
0.350196,-0.000961061,-0.0289956
0.350182,-0.000823629,-0.0288795
0.350172,-0.000851368,-0.0288354
0.350084,-0.000842398,-0.0287412
0.349992,-0.000736966,-0.0287412
0.349879,-0.000559792,-0.0286097
0.349622,-0.000426966,-0.0283057
0.349289,-0.000282286,-0.0282575
0.348976,-0.000113684,-0.0280919
0.348896,0.000142104,-0.0281332
0.348968,0.00046921,-0.0283588
0.348956,0.000666439,-0.0285686
0.348993,0.000780327,-0.0285128
0.349076,0.000871764,-0.0286139
0.349056,0.000905667,-0.0286139
0.349021,0.000886507,-0.0286659
0.349074,0.000917266,-0.0286232
0.349119,0.000918584,-0.0287202
0.349111,0.000922624,-0.0287202
0.349141,0.000929801,-0.0287707
0.349152,0.000955671,-0.0287707
0.349123,0.000987069,-0.0289012
0.349218,0.000967975,-0.0290245
0.349412,0.000815943,-0.0291408
0.349655,0.000580597,-0.0292963
0.349834,0.000361224,-0.0293918
0.349994,-5.68903e-05,-0.0294352
0.350127,-0.00032984,-0.0294352
0.35022,-0.000396642,-0.0295274
0.350262,-0.000547971,-0.0295812
0.350221,-0.000680033,-0.0294627
0.350209,-0.000717775,-0.0295959
0.350258,-0.000704397,-0.0295959
0.350303,-0.000699561,-0.0295959
0.350337,-0.000653543,-0.0295959
0.350337,-0.000665466,-0.0295959
0.350241,-0.000657876,-0.0295959
0.350178,-0.000616334,-0.0294524
0.350129,-0.0005994,-0.0293069
0.350054,-0.00055779,-0.0293069
0.349997,-0.000529748,-0.0292628
0.349878,-0.000412326,-0.0290805
0.349654,-0.000164136,-0.0289623
0.349365,-6.68107e-05,-0.0288391
0.34908,0.000113014,-0.0288869
0.349019,0.000432163,-0.0287002
0.348914,0.000683938,-0.0289234
0.348695,0.000754548,-0.0289234
0.348736,0.000812268,-0.0289967
0.348739,0.000910379,-0.0290688
0.348678,0.000928711,-0.0290688
0.348782,0.00102827,-0.0291009
0.34873,0.00104365,-0.0291009
0.348624,0.000983363,-0.0291679
0.348684,0.000955711,-0.0291679
0.348743,0.000823493,-0.0292374
0.348799,0.000662654,-0.0294403
0.349031,0.000519828,-0.0294403
0.349385,0.000254956,-0.0296944
0.349413,5.29408e-05,-0.0296944
0.349486,-0.000383213,-0.029964
0.349751,-0.000729065,-0.0300018
0.350027,-0.000751,-0.0300018
0.350252,-0.000664326,-0.0300537
0.350241,-0.000675313,-0.0300159
0.35015,-0.000730232,-0.0300761
0.350147,-0.000687187,-0.0300761
0.350183,-0.000711916,-0.0301179
0.35015,-0.000646106,-0.0300856
0.350173,-0.000570952,-0.0301339
0.350142,-0.000478465,-0.0299987
0.350055,-0.000407964,-0.0299181
0.349965,-0.000308865,-0.0299181
0.349923,-0.000101631,-0.0299181
0.35002,0.000188909,-0.0298859
0.350028,0.000554878,-0.0298267
0.349902,0.000852533,-0.0297201
0.349798,0.000990119,-0.0297201
0.349683,0.00101349,-0.0297201
0.349503,0.000946283,-0.0296511
0.349181,0.000932076,-0.0295979
0.348903,0.000853692,-0.0296373
0.348784,0.000741332,-0.0296373
0.348771,0.000764622,-0.0296373
0.348816,0.000824987,-0.0296373
0.348789,0.000821722,-0.0296373
0.348763,0.000795692,-0.0296978
0.348771,0.000722595,-0.0296978
0.348773,0.00045021,-0.0298045
0.348749,9.78994e-05,-0.0297432
0.34881,-0.000198885,-0.0299521
0.348933,-0.000282734,-0.0300382
0.34907,-0.00034169,-0.0301414
0.349241,-0.000469306,-0.0303045
0.349336,-0.000508369,-0.0303749
0.349433,-0.000580137,-0.0303749
0.349568,-0.000533204,-0.030444
0.349761,-0.000468739,-0.0305126
0.349995,-0.000531372,-0.0305809
0.350219,-0.000484747,-0.0305809
0.350415,-0.000345536,-0.0306405
0.350359,-0.000301655,-0.0306405
0.350185,-0.000180935,-0.0306405
0.350285,-4.61789e-05,-0.0305537
0.350364,-2.49232e-05,-0.0304836
0.350252,4.36919e-05,-0.030357
0.350219,0.00022468,-0.030357
0.350215,0.000362205,-0.0302366
0.350085,0.000413998,-0.0302028
0.349951,0.000505041,-0.0301438
0.349971,0.000577242,-0.0301787
0.349956,0.000668085,-0.0301787
0.349878,0.000711246,-0.0301787
0.349877,0.000662003,-0.0301138
0.349722,0.00058676,-0.0300228
0.349404,0.000420771,-0.0299241
0.348989,0.00019767,-0.0297675
0.348479,-0.00015216,-0.0297675
0.348248,-0.000464188,-0.0298424
0.348358,-0.000466187,-0.0298424
0.348454,-0.000467008,-0.0299779
0.348463,-0.000574549,-0.0300776
0,0,0
0.348576,-0.000660487,-0.0301824
0.348661,-0.000700225,-0.0302749
0.348644,-0.000771828,-0.03034
0.348634,-0.000793876,-0.03034
0.348681,-0.000751756,-0.03034
0.348774,-0.000743735,-0.0303782
0.348852,-0.00074109,-0.0303782
0.348874,-0.000683187,-0.0304474
0.348885,-0.000602773,-0.0305768
0.349034,-0.00051125,-0.0306233
0.349334,-0.000325501,-0.0307809
0.349577,-7.49238e-05,-0.0307356
0.349685,0.00018152,-0.0308007
0.349771,0.000427281,-0.0308675
0.349868,0.000656356,-0.0308675
0.349914,0.000743813,-0.0309241
0.349872,0.000712277,-0.0310058
0.349853,0.000732916,-0.0309139
0.34985,0.000790839,-0.0309893
0.349807,0.000745577,-0.0309893
0.349843,0.000678459,-0.0309893
0.349938,0.00071271,-0.0309893
0.349969,0.000714927,-0.0309893
0.349955,0.000656171,-0.0309893
0.350011,0.000591161,-0.0310696
0.350085,0.000437025,-0.0310696
0.349992,0.00020247,-0.0310308
0.349883,-8.74869e-05,-0.0310798
0.349731,-0.000303452,-0.0311329
0.349555,-0.00052848,-0.0310025
0.349391,-0.000571833,-0.0310025
0.349233,-0.000569201,-0.0310025
0.349128,-0.000677273,-0.0310025
0.349102,-0.000661065,-0.0310025
0.349152,-0.000602889,-0.0310686
0.349142,-0.000586425,-0.0310188
0.349095,-0.000546525,-0.0310707
0.349081,-0.000490376,-0.0309955
0.349131,-0.000526246,-0.0309369
0.349115,-0.000428369,-0.0308575
0.349079,-0.000267497,-0.0308181
0.349041,-0.000103599,-0.0308181
0.349106,1.20933e-05,-0.0309521
0.349343,0.000175414,-0.0310919
0.34959,0.000560738,-0.0311768
0.349842,0.000843508,-0.031262
0.35001,0.00096337,-0.0314172
0.350167,0.00105897,-0.031357
0.350321,0.00114431,-0.0314523
0.350258,0.001153,-0.0313693
0.350156,0.00113158,-0.031463
0.350225,0.00116934,-0.031463
0.350264,0.00114208,-0.0315212
0.350257,0.00108554,-0.0316327
0.350366,0.00107714,-0.0317847
0.350531,0.000921351,-0.0317847
0.350641,0.000710043,-0.0320362
0.350664,0.000504216,-0.0320362
0.350688,0.000192258,-0.032102
0.350621,8.08654e-05,-0.032102
0.350458,1.47862e-05,-0.0320382
0.350346,-0.000176477,-0.031929
0.350203,-0.000380894,-0.0318647
0.350059,-0.000639932,-0.0317624
0.34993,-0.000813137,-0.0317624
0.34973,-0.000885193,-0.0317017
0.349531,-0.000879032,-0.031623
0.349276,-0.000885705,-0.0315383
0.348933,-0.000925684,-0.0315383
0.348815,-0.000884671,-0.0315383
0.348866,-0.000762682,-0.0313692
0.348701,-0.000671873,-0.0313048
0.348431,-0.000667454,-0.031223
0.348404,-0.000594998,-0.0311842
0.348438,-0.000421091,-0.0311842
0.348362,-0.000296468,-0.0311842
0.34833,-0.000163708,-0.0313405
0.348429,-2.30516e-06,-0.0314021
0.34852,0.000184546,-0.0314482
0.34862,0.000316601,-0.0316372
0.348727,0.000509612,-0.0316372
0.348929,0.000652511,-0.0318318
0.349154,0.000868963,-0.0319943
0.349434,0.00118622,-0.0319623
0.349788,0.00133054,-0.0321278
0.349952,0.00132472,-0.0321278
0.350012,0.0012445,-0.0322155
0.350074,0.00128045,-0.0323381
0.350183,0.00125914,-0.0324539
0.350213,0.0011772,-0.0325132
0.350215,0.00111739,-0.0326384
0.350251,0.00105912,-0.0327124
0.350315,0.000968553,-0.0328258
0.350382,0.000811022,-0.0328258
0.350433,0.000635285,-0.03297
0.350468,0.000483833,-0.03297
0.350539,6.51788e-05,-0.0330576
0.350543,-0.000360872,-0.0330576
0.350485,-0.000550348,-0.0330576
0.350443,-0.000699356,-0.0330027
0.350383,-0.000917927,-0.0329677
0.35023,-0.000992644,-0.0329677
0.350116,-0.000963939,-0.0329368
0.350058,-0.000975196,-0.0329368
0.349937,-0.000984988,-0.0328624
0.349799,-0.000985196,-0.0328624
0.349626,-0.000892902,-0.0327608
0.349327,-0.00074503,-0.0326019
0.349013,-0.000634246,-0.0324882
0.348801,-0.000659905,-0.0324882
0.348658,-0.000600457,-0.0323713
0.348623,-0.000398326,-0.0323381
0.348597,-0.000229139,-0.0323872
0.348615,-6.48696e-05,-0.0324341
0.348762,0.000186007,-0.0324792
0.348798,0.000316497,-0.0326157
0.348679,0.000351834,-0.0326157
0.34868,0.000598496,-0.0328486
0.348786,0.00080879,-0.0327636
0.348921,0.000869234,-0.0331088
0.348976,0.00112691,-0.0329508
0.349151,0.00128696,-0.0331497
0.349312,0.00125641,-0.0331497
0.349408,0.00118616,-0.0332071
0.349634,0.00117697,-0.0333688
0.349915,0.00110426,-0.033607
0.350183,0.00094612,-0.0336857
0.350294,0.000946757,-0.0337563
0.350412,0.000953803,-0.0341178
0.350517,0.000711739,-0.0340464
0.350477,0.000528282,-0.0341009
0.350567,0.000601121,-0.0341442
0.350766,0.000442757,-0.0342648
0.350787,9.88708e-06,-0.0342648
0.35072,-0.000360464,-0.0343696
0.350645,-0.000681706,-0.0341542
0.350498,-0.00102753,-0.0341542
0.35031,-0.00124224,-0.0341207
0.350261,-0.0013206,-0.0341207
0.350349,-0.0012712,-0.0341207
0.350322,-0.00124789,-0.0341207
0.350173,-0.00123843,-0.0340767
0.350107,-0.00122171,-0.033969
0.349912,-0.00123495,-0.0337973
0.349519,-0.00124128,-0.0336311
0.349278,-0.00109887,-0.0335651
0.349098,-0.000909526,-0.0333524
0.348788,-0.000831771,-0.0333524
0.348665,-0.000657726,-0.0333958
0.348862,-0.000402853,-0.0332747
0.348851,-0.000139777,-0.0332747
0.348707,0.000147749,-0.0334837
0.348849,0.000384524,-0.0335139
0.348997,0.000553722,-0.0336752
0.349056,0.000665622,-0.0336752
0.349217,0.000843489,-0.0338674
0.349366,0.00100306,-0.0337555
0.349397,0.00099242,-0.0338671
0.349345,0.000989539,-0.0338671
0.349377,0.000976379,-0.0339524
0.3495,0.000990081,-0.0340444
0.349664,0.000987913,-0.034175
0.349881,0.000879731,-0.034341
0.350211,0.00076972,-0.0346107
0.350602,0.000600629,-0.0348401
0.350738,0.00040353,-0.0349821
0.350753,0.000150063,-0.034893
0.350803,-0.000168809,-0.0350077
0.350716,-0.000444326,-0.0347715
0.350604,-0.000599791,-0.0348769
0.350455,-0.000567203,-0.0346237
0.350393,-0.0008899,-0.0347102
0.350293,-0.00115824,-0.0346659
0.350281,-0.00109576,-0.0346659
0.350382,-0.000986142,-0.0347686
0.350285,-0.00101416,-0.0346369
0.35023,-0.00111317,-0.0347023
0.350282,-0.00101212,-0.0344503
0.350268,-0.000858951,-0.0344503
0.350016,-0.00066036,-0.0342145
0.349762,-0.000595002,-0.034081
0.349519,-0.00049118,-0.0340085
0.349204,-0.000358758,-0.0339717
0.34911,-0.00024206,-0.0339285
0.349157,8.77775e-05,-0.0339285
0.349221,0.000441474,-0.0340771
0.349435,0.000818306,-0.0341559
0.349645,0.00117528,-0.0342155
0.349673,0.00129145,-0.0342155
0.349606,0.00122664,-0.0342155
0.34963,0.00115529,-0.0342155
0.349692,0.00117015,-0.0342155
0.349642,0.00115766,-0.0342155
0.349549,0.00110074,-0.0342155
0.349544,0.00105957,-0.0342155
0.349575,0.00105314,-0.0342711
0.349635,0.00103699,-0.0344168
0.349789,0.000929524,-0.0345523
0.349974,0.000720522,-0.0346035
0.350057,0.00053085,-0.0346035
0.350123,0.000151542,-0.0346035
0.350058,-0.000207107,-0.0346893
0.35004,-0.000432336,-0.0346238
0.350106,-0.000657254,-0.0346238
0.349989,-0.000813052,-0.0346238
0.349859,-0.000797815,-0.0346238
0.349884,-0.000771061,-0.0346676
0.349918,-0.000866182,-0.0346676
0.349839,-0.000877558,-0.0346676
0.34982,-0.00084548,-0.0347067
0.349847,-0.000865073,-0.0346746
0.349755,-0.000843184,-0.0346352
0.349585,-0.00077058,-0.034507
0.349404,-0.000641179,-0.0344246
0.349233,-0.000516769,-0.0343347
0.349036,-0.000249756,-0.0342924
0.348795,0.000245325,-0.0336419
0.348086,0.000689191,-0.0328231
0.34592,0.00127681,-0.033295
0.34135,0.00269452,-0.0328475
0.334636,0.00379199,-0.0316101
0.3273,0.00356158,-0.0317329
0.319388,0.0030615,-0.0313856
0.310479,0.00240245,-0.0308774
0.30124,0.00183991,-0.0310145
0.293179,0.00154178,-0.0303835
0.286342,0.0013406,-0.0304942
0.279368,0.00124945,-0.0301456
0.272468,0.00114619,-0.0297077
0.266218,0.00116034,-0.0299603
0.260358,0.0013904,-0.0296697
0.254901,0.00140817,-0.029566
0.249985,0.00138953,-0.029641
0.245468,0.00152739,-0.029373
0.241193,0.00130292,-0.029373
0.237265,0.000944258,-0.029373
0.233448,0.000837387,-0.0292891
0.229715,0.000952438,-0.0292891
0.226708,0.00122403,-0.0293454
0.223798,0.00146286,-0.0291999
0.22057,0.00164728,-0.0292341
0.217739,0.00184615,-0.0292341
0.215469,0.00167676,-0.0290211
0.213301,0.00108583,-0.0291031
0.210997,0.000745204,-0.0290668
0.208856,0.00084923,-0.0289776
0.207255,0.00110902,-0.0292893
0.205502,0.00122784,-0.029007
0.203399,0.000723824,-0.028923
0.20163,0.000407842,-0.0293347
0.200004,0.000502205,-0.0289995
0.198347,0.000245643,-0.0290494
0.196913,9.29964e-05,-0.0292272
0.195649,0.000466748,-0.0290851
0.194238,0.000661305,-0.0290851
0.192607,0.000227368,-0.0291291
0.191123,-0.000238218,-0.0291291
0.189945,-0.000365157,-0.0292104
0.189179,-4.77214e-06,-0.0292952
0.188615,0.000591677,-0.0291705
0.18795,0.000862295,-0.0292769
0.187029,0.000744253,-0.0293292
0.185771,0.000387046,-0.0292972
0.185024,0.000302714,-0.0292972
0.185118,0.000607267,-0.0293338
0.184808,0.000785548,-0.0292986
0.18374,0.0008087,-0.0292986
0.183135,0.00102668,-0.0293617
0.18276,0.00120121,-0.0292088
0.181841,0.000598189,-0.0291775
0.181093,-0.000241071,-0.0292691
0.18107,-0.000292791,-0.0293156
0.181125,-4.15575e-05,-0.0293156
0.180526,-0.00020786,-0.0292506
0.179777,-0.000241713,-0.0292055
0.179495,-0.000218816,-0.0292055
0.17901,-0.000290026,-0.0292055
0.178347,-0.000193689,-0.0292055
0.178226,-0.000529804,-0.0292055
0.178064,-0.000867813,-0.0291255
0.177647,-0.000760576,-0.029198
0.177266,-0.000854401,-0.0290602
0.17701,-0.0014965,-0.0291608
0.176716,-0.00191449,-0.0291608
0.176417,-0.0017989,-0.0290822
0.176364,-0.00182877,-0.0292242
0.176165,-0.00197759,-0.0292242
0.175735,-0.00195072,-0.0292714
0.175546,-0.00181534,-0.029369
0.175765,-0.00178975,-0.0292908
0.175838,-0.00186305,-0.0293935
0.175421,-0.00176886,-0.0293935
0.174764,-0.00129802,-0.0290544
0.174284,-0.0002702,-0.0293356
0.173636,0.00116115,-0.0294793
0.172914,0.0012657,-0.0294288
0.172872,0.000806016,-0.0295292
0.17323,0.00120705,-0.0293422
0.17322,0.00125162,-0.0296077
0.17291,0.00105604,-0.0294736
0.173077,0.00115377,-0.0295863
0.17338,0.00129813,-0.0295863
0.173262,0.00115012,-0.0295863
0.173077,0.00102173,-0.029698
0.173194,0.00112064,-0.0296343
0.173377,0.00115721,-0.02973
0.173281,0.00111154,-0.0296886
0.173216,0.00103433,-0.0297435
0.173379,0.00106155,-0.0297831
0.173534,0.00102282,-0.0297831
0.173539,0.00088499,-0.0297831
0.173518,0.000925449,-0.0297831
0.17361,0.000961242,-0.0297377
0.173688,0.000710835,-0.0297377
0.173459,0.000499781,-0.0294999
0.173349,7.72742e-05,-0.0296273
0.173433,-0.000346889,-0.0296964
0.173485,-0.00030073,-0.0294894
0.173652,-0.000346181,-0.0299058
0.173758,-0.000495931,-0.0295938
0.17387,-0.000522985,-0.0298196
0.173903,-0.000446454,-0.0298196
0.174012,-0.000515565,-0.0298196
0.174188,-0.000498412,-0.0299113
0.174256,-0.000433733,-0.029863
0.174329,-0.000438013,-0.0300221
0.174437,-0.000366169,-0.0299824
0.174661,-0.000378693,-0.0300624
0.17482,-0.000336821,-0.030123
0.17497,-0.000281411,-0.0301644
0.175218,-0.000261171,-0.0301644
0.175288,-0.000185493,-0.0301264
0.175159,-0.000190898,-0.0302106
0.175134,-0.000237099,-0.0302106
0.1753,-0.000200537,-0.0302106
0.175324,-0.000154106,-0.0302528
0.175215,-0.000157847,-0.0302837
0.175224,-0.000105678,-0.0303236
0.175247,-4.32088e-05,-0.0303236
0.175218,-8.59228e-05,-0.0303649
0.175162,-0.000102826,-0.0303649
0.175181,-7.68797e-05,-0.0303649
0.175273,-7.00942e-05,-0.0303649
0.175305,-9.78291e-05,-0.0303649
0.175326,-0.000115922,-0.0303649
0.175385,-9.42352e-05,-0.0303649
0.17539,-9.05266e-05,-0.0303649
0.175322,-0.000117067,-0.0303649
0.175288,-9.98717e-05,-0.0303649
0.175205,-8.33936e-05,-0.0302386
0.174919,-0.000328346,-0.0298761
0.17462,-0.00119487,-0.03022
0.174227,-0.00154855,-0.0297699
0.174011,-0.0011743,-0.0298809
0.173832,-0.00109339,-0.0298809
0.173374,-0.000866323,-0.0298809
0.172973,-0.000239841,-0.0300346
0.172899,-6.16767e-05,-0.0299636
0.173094,-7.14523e-05,-0.0299321
0.173065,0.000221716,-0.0299642
0.172951,0.000237387,-0.0300928
0.172989,0.000195216,-0.0300396
0.172996,0.000175554,-0.0300396
0.172953,0.000144725,-0.0300396
0.172999,0.000149303,-0.0301009
0.17304,0.000122671,-0.0301009
0.173033,0.000134335,-0.0301675
0.173037,0.000108859,-0.0301675
0.173103,8.20803e-05,-0.0301675
0.173123,0.000179054,-0.0301675
0.173067,0.000209758,-0.0302328
0.173023,0.000191901,-0.0302328
0.173005,0.000254696,-0.0302669
0.173052,0.000309975,-0.03031
0.173098,0.000342458,-0.03031
0.173129,0.000374447,-0.0303476
0.173206,0.000393184,-0.0303476
0.1733,0.000394574,-0.0303476
0.173369,0.000420811,-0.030398
0.173451,0.000427873,-0.030398
0.173541,0.000423389,-0.0304781
0.173687,0.000465602,-0.0305138
0.17396,0.000525185,-0.0305563
0.174125,0.000580856,-0.0306043
0.174165,0.000543269,-0.03068
0.174203,0.000470996,-0.0307716
0.174499,0.000460184,-0.0307716
0.174872,0.000441263,-0.0308284
0.174847,0.000377361,-0.0308284
0.174727,0.000339871,-0.0309341
0.174887,0.000418963,-0.0309704
0.175126,0.000400542,-0.0310006
0.175167,0.000263875,-0.0310867
0.175163,0.000191038,-0.0310867
0.175261,0.000142331,-0.0310867
0.175311,0.000125948,-0.0310867
0.175223,0.000115182,-0.0310867
0.175169,8.3334e-05,-0.0311207
0.175236,7.2962e-05,-0.0311207
0.175262,8.96632e-05,-0.0311207
0.175224,0.000123499,-0.0311207
0.175232,9.92958e-05,-0.0311207
0.175278,4.44304e-05,-0.0311566
0.175292,2.20559e-05,-0.0311566
0.17531,-3.62991e-06,-0.0311906
0.175355,-1.87593e-07,-0.0311906
0.175405,1.60596e-05,-0.0311906
0.175408,-9.14289e-07,-0.0311906
0.175373,-8.22283e-05,-0.0312251
0.175362,-0.000131716,-0.0312251
0.175375,-0.000133552,-0.0312649
0.175369,-0.000128774,-0.0312649
0.175359,-9.92399e-05,-0.0312649
0.175338,-0.000117175,-0.0312649
0.175247,-0.000143421,-0.0312237
0.175081,-0.000231491,-0.0311546
0.174933,-0.000454501,-0.0311546
0.174515,-0.000626305,-0.0307922
0.174092,-0.00127872,-0.030879
0.173699,-0.00192087,-0.0309217
0.173415,-0.00170881,-0.0306107
0.173546,-0.00145926,-0.0309757
0.173509,-0.00150888,-0.0306448
0.173404,-0.00148933,-0.0308633
0.173439,-0.00131572,-0.0308633
0.173534,-0.00132541,-0.030791
0.173479,-0.00125623,-0.0308289
0.173303,-0.00103865,-0.0306592
0.173235,-0.0008309,-0.030706
0.173108,-0.000347679,-0.0307592
0.172875,3.79208e-05,-0.0307592
0.172739,7.99537e-05,-0.0308638
0.172763,9.45472e-05,-0.0308281
0.172815,0.00016169,-0.0308832
0.172749,0.000201143,-0.0308832
0.172704,0.00021562,-0.0309182
0.172746,0.000256548,-0.0309182
0.172758,0.000317178,-0.0309182
0.17275,0.000369553,-0.0309717
0.172741,0.000371584,-0.0309717
0.172747,0.000385028,-0.0310219
0.172788,0.000442243,-0.031057
0.172788,0.000457486,-0.0310925
0.172784,0.000489397,-0.0311294
0.172902,0.000508111,-0.0311711
0.173056,0.000497475,-0.0312145
0.173187,0.000516952,-0.0312145
0.173376,0.000595401,-0.0313173
0.1735,0.000732612,-0.0313556
0.173552,0.000851155,-0.0314453
0.173705,0.0010119,-0.0315388
0.174045,0.00112332,-0.0315388
0.174459,0.00105866,-0.0317072
0.174961,0.00106644,-0.0317072
0.175737,0.00122439,-0.0317415
0.176071,0.00126489,-0.0316962
0.175749,0.00117476,-0.0317276
0.175699,0.00118388,-0.0318049
0.175998,0.00120613,-0.0317683
0.176007,0.00113827,-0.0317683
0.175751,0.00104462,-0.031848
0.175778,0.000977912,-0.0319407
0.176081,0.000908591,-0.0319407
0.176165,0.000822153,-0.0319407
0.176075,0.000757548,-0.0320018
0.176157,0.000708578,-0.0320018
0.176311,0.00065615,-0.0320018
0.176253,0.000599248,-0.0320018
0.176101,0.000523302,-0.0320018
0.176107,0.000465258,-0.0320379
0.176154,0.000492289,-0.0320379
0.176071,0.000506607,-0.0320799
0.175991,0.000497392,-0.0320799
0.176053,0.00049574,-0.0320799
0.176104,0.00049147,-0.0320799
0.176076,0.000498684,-0.0320799
0.176084,0.000496268,-0.0320799
0.176128,0.000482495,-0.0320799
0.17613,0.000467378,-0.0321114
0.176135,0.000461737,-0.0321114
0.176084,0.000508655,-0.0321114
0.175955,0.000555213,-0.0320778
0.175781,0.000550247,-0.032022
0.175565,0.000441346,-0.032022
0.175371,0.000209752,-0.0319462
0.175164,1.63054e-05,-0.0319462
0.174879,-2.07519e-05,-0.0318274
0.17468,-0.000241858,-0.0318274
0.174393,-0.000564616,-0.0317617
0.174066,-0.000741222,-0.0316205
0.173798,-0.000918788,-0.0317348
0.173435,-0.000891047,-0.0315659
0.173357,-0.00066484,-0.0318
0.173475,-0.000589468,-0.0316618
0.173512,-0.00065096,-0.0317069
0.173449,-0.000574153,-0.0317069
0.173447,-0.000482293,-0.0316589
0.173539,-0.00038189,-0.0317568
0.173509,-0.000309167,-0.0317568
0.1734,-0.00034671,-0.0318272
0.173369,-0.000270328,-0.0318272
0.173424,-0.000182768,-0.0318272
0.173392,-0.000175773,-0.0318272
0.173339,-0.000166674,-0.0318673
0.17341,-0.000185004,-0.0318983
0.173532,-0.000226361,-0.0318983
0.17358,-0.00025063,-0.031958
0.173508,-0.000281366,-0.031958
0.173501,-0.000322365,-0.031958
0.173583,-0.00032177,-0.031958
0.173647,-0.000331645,-0.031958
0.173741,-0.000328419,-0.031958
0.173849,-0.000262993,-0.0320115
0.173981,-0.000243936,-0.0320115
0.174104,-0.000292391,-0.0320738
0.174192,-0.00036846,-0.0320738
0.174228,-0.000424639,-0.0321244
0.174155,-0.000419809,-0.0322063
0.174237,-0.000383062,-0.0322844
0.174656,-0.000319195,-0.0323515
0.175084,-0.000262601,-0.0323928
0.17516,-0.000196597,-0.0324361
0.175122,-5.93635e-05,-0.0324982
0.175291,5.20522e-05,-0.0324982
0.175369,6.0205e-05,-0.0324982
0.17523,3.90883e-05,-0.0324982
0.175221,5.61607e-05,-0.0325603
0.175395,7.63014e-05,-0.0325603
0.175454,6.61195e-05,-0.0325603
0.175388,6.7296e-05,-0.0326069
0.17543,0.000102455,-0.0326069
0.175515,0.000157209,-0.0326069
0.17546,0.000167353,-0.0326069
0.175341,0.000122088,-0.032639
0.175278,0.000128291,-0.032639
0.175265,0.000197489,-0.032639
0.175238,0.000229652,-0.032639
0.175182,0.000279178,-0.032639
0.175178,0.000388071,-0.0325877
0.175112,0.000555397,-0.0324117
0.174932,0.000820455,-0.0323487
0.174813,0.00103549,-0.0324058
0.174747,0.00106701,-0.0323512
0.17469,0.0010774,-0.0323863
0.174637,0.00118247,-0.0323863
0.174594,0.00119167,-0.0323863
0.174504,0.00120566,-0.0323863
0.174363,0.00121656,-0.0323863
0.174205,0.00114185,-0.0324286
0.174159,0.00111717,-0.0324286
0.174244,0.00112405,-0.0324641
0.174212,0.0011278,-0.0324641
0.174105,0.00112589,-0.0324994
0.174036,0.00107772,-0.0324994
0.173987,0.00102316,-0.0324384
0.173915,0.000868864,-0.0324384
0.173772,0.000659292,-0.0324384
0.173657,0.000623917,-0.0323961
0.173663,0.000653878,-0.0323961
0.17364,0.000496944,-0.0323584
0.173469,0.000263333,-0.0323584
0.173385,0.00014965,-0.0323584
0.173453,6.38436e-05,-0.0324222
0.173506,7.78557e-05,-0.0324222
0.173501,0.000124023,-0.0324539
0.173514,0.00012505,-0.0324539
0.173591,0.00016851,-0.0324539
0.17362,0.000206385,-0.0324539
0.173554,0.000173029,-0.0324539
0.173503,0.000124363,-0.0324858
0.173596,6.92619e-05,-0.0325225
0.173657,4.60494e-05,-0.0325703
0.17371,6.63599e-05,-0.0326144
0.173858,1.48832e-05,-0.0327015
0.173991,-8.61202e-05,-0.0327826
0.174152,-0.000154119,-0.0329588
0.174308,-0.000301504,-0.0330609
0.1745,-0.000527063,-0.0331058
0.174714,-0.000647069,-0.0331686
0.174824,-0.000749101,-0.0331686
0.174949,-0.000783004,-0.0332222
0.175235,-0.000657728,-0.0332222
0.1754,-0.000584626,-0.0332222
0.175236,-0.000624095,-0.0332571
0.175087,-0.000668993,-0.0332954
0.175159,-0.000653022,-0.0332954
0.175192,-0.000658968,-0.0332954
0.175069,-0.000694361,-0.0333315
0.175034,-0.000683898,-0.0333315
0.175171,-0.000676464,-0.0333315
0.175212,-0.000675639,-0.0333315
0.175109,-0.000688982,-0.0333714
0.175119,-0.000696974,-0.0333714
0.175225,-0.000683653,-0.0334122
0.175264,-0.000641568,-0.0334122
0.175282,-0.000548963,-0.0334895
0.175321,-0.000419719,-0.0334895
0.175383,-0.000380894,-0.0335686
0.175428,-0.00036454,-0.0335272
0.175414,-0.000238569,-0.0335272
0.175417,-0.000118676,-0.0335272
0.175436,-0.000115861,-0.0335272
0.175369,-0.00014103,-0.0335272
0.175309,-0.000151548,-0.0335272
0.175285,-0.000133589,-0.0334867
0.175166,7.54833e-06,-0.0333834
0.175051,0.000196545,-0.0333834
0.174919,0.000331128,-0.0332489
0.174759,0.000469246,-0.0331181
0.174617,0.000737476,-0.0331181
0.174431,0.000895885,-0.0331181
0.174304,0.000876049,-0.0331181
0.174291,0.000893617,-0.033085
0.174221,0.000918511,-0.033136
0.17401,0.000900835,-0.033136
0.173943,0.000882719,-0.0331687
0.174002,0.000914959,-0.0331687
0.173968,0.000916677,-0.0331687
0.173876,0.000877723,-0.0331687
0.173844,0.000860053,-0.0331687
0.173929,0.000846045,-0.0332166
0.173978,0.000809682,-0.0332166
0.173982,0.000758057,-0.0332166
0.174039,0.00078044,-0.0332166
0.174076,0.000817603,-0.0332166
0.174057,0.000818194,-0.0332166
0.174037,0.000841162,-0.0332166
0.174022,0.000842815,-0.0332166
0.174007,0.000820436,-0.0332166
0.173966,0.000829608,-0.0332166
0.173932,0.000883856,-0.0331844
0.173943,0.000787836,-0.0332283
0.173915,0.000627869,-0.0332283
0.17389,0.000584688,-0.0332283
0.173924,0.000435558,-0.033284
0.173911,0.000277339,-0.0332259
0.173894,0.000182575,-0.0333263
0.173995,-9.84067e-05,-0.0333843
0.174191,-0.000614674,-0.0335111
0.174274,-0.0008598,-0.0335111
0.174363,-0.000911589,-0.0337052
0.174563,-0.00110166,-0.0337497
0.174706,-0.0012185,-0.0337123
0.174845,-0.001157,-0.0338588
0.175105,-0.00109545,-0.0338588
0.175324,-0.00110132,-0.0339001
0.175326,-0.00100995,-0.0339001
0.175302,-0.000994609,-0.0339592
0.175358,-0.00102049,-0.0339592
0.175398,-0.000992488,-0.0339592
0.175377,-0.000888287,-0.0339592
0.175384,-0.000807037,-0.0339592
0.175443,-0.000813141,-0.0339918
0.175437,-0.000823394,-0.0339607
0.175375,-0.000818485,-0.0340189
0.175346,-0.000809249,-0.0340189
0.175342,-0.000830243,-0.0340189
0.175343,-0.000807364,-0.0340189
0.175364,-0.0007939,-0.0340189
0.175391,-0.000781586,-0.0340189
0.175374,-0.000774734,-0.0340189
0.175358,-0.000808116,-0.0340189
0.175339,-0.000808442,-0.0340189
0.175333,-0.000779034,-0.0340602
0.175323,-0.000739569,-0.0340602
0.175301,-0.000699132,-0.0340602
0.175254,-0.000629893,-0.0340602
0.175143,-0.000515199,-0.0340602
0.175071,-0.000437332,-0.0340098
0.175003,-0.000237555,-0.0340098
0.17484,4.93294e-05,-0.0338059
0.17472,0.000310458,-0.0339188
0.174694,0.000580083,-0.0339188
0.17464,0.000693886,-0.0339188
0.174443,0.000735777,-0.0339188
0.17421,0.000696558,-0.0338739
0.174041,0.000623185,-0.0339172
0.173923,0.000621326,-0.0339172
0.173924,0.000630427,-0.0339669
0.17395,0.000656357,-0.0339669
0.173922,0.000625959,-0.0340121
0.173882,0.000579485,-0.0340121
0.173873,0.000570258,-0.0340121
0.173885,0.000592022,-0.0340528
0.173846,0.000596177,-0.0340528
0.173802,0.000581321,-0.0340907
0.17382,0.000613695,-0.0340907
0.173821,0.000637224,-0.0341239
0.173818,0.000635369,-0.0341239
0.173837,0.000648423,-0.0341239
0.173858,0.000668896,-0.0341239
0.173909,0.000677942,-0.0341239
0.173937,0.000694366,-0.0341615
0.173905,0.000712661,-0.0341615
0.173908,0.000711237,-0.0341987
0.173915,0.000725674,-0.0341987
0.173864,0.000745776,-0.0341987
0.173834,0.000728667,-0.0341987
0.173846,0.00070953,-0.0341987
0.173863,0.000679412,-0.0342302
0.173894,0.000637973,-0.0342302
0.173986,0.000608706,-0.0343088
0.174143,0.000548302,-0.0343811
0.17431,0.000451795,-0.0344813
0.174554,0.000220016,-0.0345635
0.174815,1.93259e-05,-0.0346198
0.175036,-8.4889e-05,-0.0348422
0.175275,-0.000366893,-0.0349812
0.17546,-0.000619143,-0.0348762
0.175451,-0.000740842,-0.0347725
0.175215,-0.00113875,-0.0347725
0.174974,-0.00164697,-0.0348034
0.174959,-0.00170022,-0.0348034
0.175112,-0.00159845,-0.0348812
